index,age,workclass,fnlwgt,education,education-num,marital-status,occupation,relationship,race,sex,capital-gain,capital-loss,hours-per-week,native-country,salary
0,"[0, 80[", State-gov,77516,Higher education,13,Spouse not present,*, Not-in-family,*,Male,2174,0,40,*,<=50K
1,"[0, 80[", Self-emp-not-inc,83311,Higher education,13,Spouse present,*, Husband,*,Male,0,0,13,*,<=50K
2,"[0, 80[", Private,215646,Secondary education,9,Spouse not present,*, Not-in-family,*,Male,0,0,40,*,<=50K
3,"[0, 80[", Private,234721,Secondary education,7,Spouse present,*, Husband,*,Male,0,0,40,*,<=50K
4,"[0, 80[", Private,338409,Higher education,13,Spouse present,*, Wife,*,Female,0,0,40,*,<=50K
5,"[0, 80[", Private,284582,Higher education,14,Spouse present,*, Wife,*,Female,0,0,40,*,<=50K
6,"[0, 80[", Private,160187,Secondary education,5,Spouse not present,*, Not-in-family,*,Female,0,0,16,*,<=50K
7,"[0, 80[", Self-emp-not-inc,209642,Secondary education,9,Spouse present,*, Husband,*,Male,0,0,45,*,>50K
8,"[0, 80[", Private,45781,Higher education,14,Spouse not present,*, Not-in-family,*,Female,14084,0,50,*,>50K
9,"[0, 80[", Private,159449,Higher education,13,Spouse present,*, Husband,*,Male,5178,0,40,*,>50K
10,"[0, 80[", Private,280464,Higher education,10,Spouse present,*, Husband,*,Male,0,0,80,*,>50K
11,"[0, 80[", State-gov,141297,Higher education,13,Spouse present,*, Husband,*,Male,0,0,40,*,>50K
12,"[0, 80[", Private,122272,Higher education,13,Spouse not present,*, Own-child,*,Female,0,0,30,*,<=50K
13,"[0, 80[", Private,205019,Higher education,12,Spouse not present,*, Not-in-family,*,Male,0,0,50,*,<=50K
14,"[0, 80[", Private,121772,Higher education,11,Spouse present,*, Husband,*,Male,0,0,40,*,>50K
15,"[0, 80[", Private,245487,Secondary education,4,Spouse present,*, Husband,*,Male,0,0,45,*,<=50K
16,"[0, 80[", Self-emp-not-inc,176756,Secondary education,9,Spouse not present,*, Own-child,*,Male,0,0,35,*,<=50K
17,"[0, 80[", Private,186824,Secondary education,9,Spouse not present,*, Unmarried,*,Male,0,0,40,*,<=50K
18,"[0, 80[", Private,28887,Secondary education,7,Spouse present,*, Husband,*,Male,0,0,50,*,<=50K
19,"[0, 80[", Self-emp-not-inc,292175,Higher education,14,Spouse not present,*, Unmarried,*,Female,0,0,45,*,>50K
20,"[0, 80[", Private,193524,Higher education,16,Spouse present,*, Husband,*,Male,0,0,60,*,>50K
21,"[0, 80[", Private,302146,Secondary education,9,Spouse not present,*, Unmarried,*,Female,0,0,20,*,<=50K
22,"[0, 80[", Federal-gov,76845,Secondary education,5,Spouse present,*, Husband,*,Male,0,0,40,*,<=50K
23,"[0, 80[", Private,117037,Secondary education,7,Spouse present,*, Husband,*,Male,0,2042,40,*,<=50K
24,"[0, 80[", Private,109015,Secondary education,9,Spouse not present,*, Unmarried,*,Female,0,0,40,*,<=50K
25,"[0, 80[", Local-gov,216851,Higher education,13,Spouse present,*, Husband,*,Male,0,0,40,*,>50K
26,"[0, 80[", Private,168294,Secondary education,9,Spouse not present,*, Own-child,*,Male,0,0,40,*,<=50K
27,"[0, 80[", ?,180211,Higher education,10,Spouse present,*, Husband,*,Male,0,0,60,*,>50K
28,"[0, 80[", Private,367260,Secondary education,9,Spouse not present,*, Not-in-family,*,Male,0,0,80,*,<=50K
29,"[0, 80[", Private,193366,Secondary education,9,Spouse present,*, Husband,*,Male,0,0,40,*,<=50K
30,"[0, 80[", Local-gov,190709,Higher education,12,Spouse not present,*, Not-in-family,*,Male,0,0,52,*,<=50K
31,"[0, 80[", Private,266015,Higher education,10,Spouse not present,*, Own-child,*,Male,0,0,44,*,<=50K
32,"[0, 80[", Private,386940,Higher education,13,Spouse not present,*, Own-child,*,Male,0,1408,40,*,<=50K
33,"[0, 80[", Federal-gov,59951,Higher education,10,Spouse present,*, Own-child,*,Male,0,0,40,*,<=50K
34,"[0, 80[", State-gov,311512,Higher education,10,Spouse present,*, Husband,*,Male,0,0,15,*,<=50K
36,"[0, 80[", Private,197200,Higher education,10,Spouse not present,*, Own-child,*,Male,0,0,40,*,<=50K
38,"[0, 80[", Private,84154,Higher education,10,Spouse present,*, Husband,*,Male,0,0,38,*,>50K
39,"[0, 80[", Self-emp-not-inc,265477,Higher education,12,Spouse present,*, Husband,*,Male,0,0,40,*,<=50K
40,"[0, 80[", Private,507875,Secondary education,5,Spouse present,*, Husband,*,Male,0,0,43,*,<=50K
41,"[0, 80[", Self-emp-not-inc,88506,Higher education,13,Spouse present,*, Husband,*,Male,0,0,40,*,<=50K
42,"[0, 80[", Private,172987,Higher education,13,Spouse present,*, Husband,*,Male,0,0,50,*,<=50K
43,"[0, 80[", Private,94638,Secondary education,9,Spouse not present,*, Unmarried,*,Female,0,0,40,*,<=50K
44,"[0, 80[", Private,289980,Secondary education,9,Spouse not present,*, Not-in-family,*,Male,0,0,35,*,<=50K
45,"[0, 80[", Federal-gov,337895,Higher education,13,Spouse present,*, Husband,*,Male,0,0,40,*,>50K
46,"[0, 80[", Private,144361,Secondary education,9,Spouse present,*, Husband,*,Male,0,0,38,*,<=50K
47,"[0, 80[", Private,128354,Higher education,14,Spouse not present,*, Unmarried,*,Female,0,0,40,*,<=50K
48,"[0, 80[", State-gov,101603,Higher education,11,Spouse present,*, Husband,*,Male,0,0,40,*,<=50K
49,"[0, 80[", Private,271466,Higher education,11,Spouse not present,*, Not-in-family,*,Male,0,0,43,*,<=50K
50,"[0, 80[", Private,32275,Higher education,10,Spouse present,*, Wife,*,Female,0,0,40,*,<=50K
51,"[0, 80[", Private,226956,Secondary education,9,Spouse not present,*, Own-child,*,Female,0,0,30,*,<=50K
52,"[0, 80[", Private,51835,Higher education,15,Spouse present,*, Wife,*,Female,0,1902,60,*,>50K
53,"[0, 80[", Federal-gov,251585,Higher education,13,Spouse not present,*, Not-in-family,*,Male,0,0,55,*,>50K
55,"[0, 80[", Private,237993,Higher education,10,Spouse present,*, Husband,*,Male,0,0,40,*,>50K
57,"[0, 80[", Private,56352,Higher education,11,Spouse present,*, Husband,*,Male,0,0,40,*,<=50K
58,"[0, 80[", Private,147372,Secondary education,9,Spouse present,*, Husband,*,Male,0,0,48,*,<=50K
59,"[0, 80[", Private,188146,Secondary education,9,Spouse present,*, Husband,*,Male,5013,0,40,*,<=50K
60,"[0, 80[", Private,59496,Higher education,13,Spouse present,*, Husband,*,Male,2407,0,40,*,<=50K
61,"[0, 80[", ?,293936,Secondary education,4,Spouse not present,*, Not-in-family,*,Male,0,0,40,*,<=50K
62,"[0, 80[", Private,149640,Secondary education,9,Spouse present,*, Husband,*,Male,0,0,40,*,<=50K
63,"[0, 80[", Private,116632,Higher education,16,Spouse present,*, Husband,*,Male,0,0,45,*,>50K
64,"[0, 80[", Private,105598,Higher education,10,Spouse not present,*, Not-in-family,*,Male,0,0,58,*,<=50K
65,"[0, 80[", Private,155537,Secondary education,9,Spouse present,*, Husband,*,Male,0,0,40,*,<=50K
66,"[0, 80[", Private,183175,Higher education,10,Spouse not present,*, Not-in-family,*,Female,0,0,40,*,<=50K
67,"[0, 80[", Private,169846,Secondary education,9,Spouse present,*, Wife,*,Female,0,0,40,*,>50K
68,"[0, 80[", Self-emp-inc,191681,Higher education,10,Spouse present,*, Husband,*,Male,0,0,50,*,>50K
69,"[0, 80[", ?,200681,Higher education,10,Spouse not present,*, Own-child,*,Male,0,0,40,*,<=50K
70,"[0, 80[", Private,101509,Higher education,10,Spouse not present,*, Own-child,*,Male,0,0,32,*,<=50K
71,"[0, 80[", Private,309974,Higher education,13,Spouse not present,*, Own-child,*,Female,0,0,40,*,<=50K
72,"[0, 80[", Self-emp-not-inc,162298,Higher education,13,Spouse present,*, Husband,*,Male,0,0,70,*,>50K
73,"[0, 80[", Private,211678,Higher education,10,Spouse not present,*, Not-in-family,*,Male,0,0,40,*,<=50K
74,"[0, 80[", Private,124744,Higher education,10,Spouse present,*, Other-relative,*,Male,0,0,20,*,<=50K
75,"[0, 80[", Private,213921,Secondary education,9,Spouse not present,*, Own-child,*,Male,0,0,40,*,<=50K
76,"[0, 80[", Private,32214,Higher education,12,Spouse present,*, Husband,*,Male,0,0,40,*,<=50K
77,"[0, 80[", ?,212759,Secondary education,6,Spouse present,*, Husband,*,Male,0,0,2,*,<=50K
78,"[0, 80[", Private,309634,Secondary education,7,Spouse not present,*, Own-child,*,Female,0,0,22,*,<=50K
79,"[0, 80[", Local-gov,125927,Secondary education,4,Spouse present,*, Husband,*,Male,0,0,40,*,<=50K
80,"[0, 80[", Private,446839,Secondary education,9,Spouse not present,*, Not-in-family,*,Male,0,0,30,*,<=50K
81,"[0, 80[", Private,276515,Higher education,13,Spouse present,*, Husband,*,Male,0,0,40,*,<=50K
82,"[0, 80[", Private,51618,Secondary education,9,Spouse present,*, Wife,*,Female,0,0,40,*,<=50K
83,"[0, 80[", Private,159937,Secondary education,9,Spouse present,*, Husband,*,Male,0,0,48,*,<=50K
84,"[0, 80[", Private,343591,Secondary education,9,Spouse not present,*, Not-in-family,*,Female,14344,0,40,*,>50K
86,"[0, 80[", Local-gov,268234,Secondary education,9,Spouse present,*, Husband,*,Male,0,0,40,*,>50K
87,"[0, 80[", Private,202051,Higher education,14,Spouse present,*, Husband,*,Male,0,0,50,*,<=50K
88,"[0, 80[", Private,54334,Secondary education,5,Spouse not present,*, Not-in-family,*,Male,0,0,40,*,<=50K
89,"[0, 80[", Federal-gov,410867,Higher education,16,Spouse not present,*, Not-in-family,*,Female,0,0,50,*,>50K
90,"[0, 80[", Private,249977,Higher education,11,Spouse present,*, Husband,*,Male,0,0,40,*,<=50K
91,"[0, 80[", Private,286730,Higher education,10,Spouse not present,*, Unmarried,*,Female,0,0,40,*,<=50K
92,"[0, 80[", Private,212563,Higher education,10,Spouse not present,*, Unmarried,*,Female,0,0,25,*,<=50K
94,"[0, 80[", Local-gov,226296,Higher education,13,Spouse present,*, Husband,*,Male,0,0,40,*,>50K
95,"[0, 80[", Local-gov,115585,Higher education,10,Spouse not present,*, Not-in-family,*,Male,0,0,50,*,<=50K
96,"[0, 80[", Self-emp-not-inc,191277,Higher education,16,Spouse present,*, Husband,*,Male,0,1902,60,*,>50K
97,"[0, 80[", Private,202683,Higher education,10,Spouse present,*, Husband,*,Male,0,0,48,*,>50K
98,"[0, 80[", Private,171095,Higher education,12,Spouse not present,*, Unmarried,*,Female,0,0,40,*,<=50K
99,"[0, 80[", Federal-gov,249409,Secondary education,9,Spouse not present,*, Own-child,*,Male,0,0,40,*,<=50K
100,"[0, 80[", Private,124191,Higher education,14,Spouse present,*, Husband,*,Male,0,0,40,*,>50K
101,"[0, 80[", Private,198282,Higher education,13,Spouse present,*, Husband,*,Male,15024,0,60,*,>50K
102,"[0, 80[", Self-emp-not-inc,149116,Higher education,14,Spouse not present,*, Not-in-family,*,Female,0,0,50,*,<=50K
103,"[0, 80[", Private,188300,Higher education,10,Spouse not present,*, Own-child,*,Female,0,0,40,*,<=50K
104,"[0, 80[", Private,103432,Secondary education,9,Spouse not present,*, Not-in-family,*,Male,0,0,40,*,<=50K
105,"[0, 80[", Self-emp-inc,317660,Secondary education,9,Spouse present,*, Husband,*,Male,7688,0,40,*,>50K
106,"[0, 80[", ?,304873,Secondary education,6,Spouse not present,*, Own-child,*,Female,34095,0,32,*,<=50K
107,"[0, 80[", Private,194901,Secondary education,7,Spouse not present,*, Own-child,*,Male,0,0,40,*,<=50K
108,"[0, 80[", Local-gov,189265,Secondary education,9,Spouse not present,*, Not-in-family,*,Female,0,0,40,*,<=50K
109,"[0, 80[", Private,124692,Secondary education,9,Spouse present,*, Husband,*,Male,0,0,40,*,<=50K
110,"[0, 80[", Private,432376,Higher education,13,Spouse not present,*, Other-relative,*,Male,0,0,40,*,<=50K
111,"[0, 80[", Private,65324,Higher education,15,Spouse present,*, Husband,*,Male,0,0,40,*,>50K
112,"[0, 80[", Self-emp-not-inc,335605,Secondary education,9,Spouse present,*, Husband,*,Male,0,1887,50,*,>50K
113,"[0, 80[", Private,377869,Higher education,10,Spouse present,*, Wife,*,Female,4064,0,25,*,<=50K
114,"[0, 80[", Private,102864,Secondary education,9,Spouse not present,*, Own-child,*,Female,0,0,40,*,<=50K
115,"[0, 80[", Private,95647,Secondary education,5,Spouse present,*, Husband,*,Male,0,0,50,*,<=50K
116,"[0, 80[", Self-emp-inc,303090,Higher education,10,Spouse present,*, Husband,*,Male,0,0,50,*,<=50K
117,"[0, 80[", Local-gov,197371,Higher education,11,Spouse present,*, Husband,*,Male,0,0,40,*,>50K
118,"[0, 80[", Private,247552,Higher education,10,Spouse present,*, Husband,*,Male,0,0,56,*,<=50K
119,"[0, 80[", Private,102632,Secondary education,9,Spouse not present,*, Not-in-family,*,Male,0,0,41,*,<=50K
120,"[0, 80[", Private,199915,Higher education,10,Spouse not present,*, Own-child,*,Female,0,0,40,*,<=50K
121,"[0, 80[", Private,118853,Higher education,13,Spouse present,*, Husband,*,Male,0,0,60,*,<=50K
122,"[0, 80[", Private,77143,Higher education,13,Spouse not present,*, Own-child,*,Male,0,0,40,*,<=50K
123,"[0, 80[", State-gov,267989,Higher education,13,Spouse present,*, Husband,*,Male,0,0,50,*,>50K
124,"[0, 80[", Private,301606,Higher education,10,Spouse not present,*, Own-child,*,Male,0,0,35,*,<=50K
126,"[0, 80[", Private,111697,Higher education,10,Spouse not present,*, Own-child,*,Female,0,1719,28,*,<=50K
127,"[0, 80[", Private,114937,Higher education,12,Spouse present,*, Husband,*,Male,0,0,40,*,>50K
128,"[0, 80[", ?,129305,Secondary education,9,Spouse present,*, Husband,*,Male,0,0,40,*,<=50K
129,"[0, 80[", Private,365739,Higher education,10,Spouse not present,*, Not-in-family,*,Male,0,0,40,*,<=50K
130,"[0, 80[", Private,69621,Higher education,12,Spouse not present,*, Not-in-family,*,Female,0,0,60,*,<=50K
131,"[0, 80[", Private,43323,Secondary education,9,Spouse not present,*, Not-in-family,*,Female,0,1762,40,*,<=50K
132,"[0, 80[", Self-emp-not-inc,120985,Secondary education,9,Spouse present,*, Husband,*,Male,4386,0,35,*,<=50K
133,"[0, 80[", Private,254202,Higher education,13,Spouse present,*, Husband,*,Male,0,0,50,*,<=50K
134,"[0, 80[", Private,146195,Higher education,12,Spouse not present,*, Not-in-family,*,Female,0,0,36,*,<=50K
135,"[0, 80[", Federal-gov,125933,Higher education,14,Spouse present,*, Husband,*,Male,0,0,40,*,>50K
136,"[0, 80[", Self-emp-not-inc,56920,Secondary education,9,Spouse present,*, Husband,*,Male,0,0,60,*,<=50K
137,"[0, 80[", Private,163127,Higher education,11,Spouse present,*, Wife,*,Female,0,0,35,*,<=50K
138,"[0, 80[", Private,34310,Higher education,10,Spouse not present,*, Own-child,*,Male,0,0,20,*,<=50K
139,"[0, 80[", Private,81973,Higher education,10,Spouse present,*, Husband,*,Male,0,0,40,*,>50K
140,"[0, 80[", Self-emp-inc,66614,Secondary education,9,Spouse present,*, Husband,*,Male,0,0,40,*,<=50K
141,"[0, 80[", Private,232782,Higher education,10,Spouse not present,*, Own-child,*,Female,0,0,40,*,<=50K
142,"[0, 80[", Private,316868,Higher education,10,Spouse not present,*, Own-child,*,Male,0,0,30,*,<=50K
143,"[0, 80[", Private,196584,Higher education,11,Spouse not present,*, Not-in-family,*,Female,0,1564,40,*,>50K
144,"[0, 80[", Private,105376,Higher education,10,Spouse not present,*, Other-relative,*,Male,0,0,40,*,<=50K
145,"[0, 80[", Private,185814,Secondary education,9,Spouse not present,*, Unmarried,*,Female,0,0,30,*,<=50K
146,"[0, 80[", Private,175374,Higher education,10,Spouse present,*, Husband,*,Male,0,0,24,*,<=50K
147,"[0, 80[", Private,108293,Secondary education,9,Spouse not present,*, Unmarried,*,Female,0,0,24,*,<=50K
148,"[0, 80[", Private,181232,Secondary education,7,Spouse present,*, Husband,*,Male,0,2179,40,*,<=50K
149,"[0, 80[", ?,174662,Higher education,10,Spouse not present,*, Not-in-family,*,Female,0,0,40,*,<=50K
150,"[0, 80[", Local-gov,186009,Higher education,10,Spouse not present,*, Unmarried,*,Female,0,0,38,*,<=50K
151,"[0, 80[", Private,198183,Secondary education,9,Spouse not present,*, Not-in-family,*,Female,0,0,40,*,<=50K
152,"[0, 80[", Private,163003,Higher education,13,Spouse not present,*, Other-relative,*,Female,0,0,40,*,<=50K
153,"[0, 80[", Private,296158,Secondary education,9,Spouse not present,*, Own-child,*,Male,0,0,35,*,<=50K
154,"[0, 80[", ?,252903,Secondary education,9,Spouse not present,*, Not-in-family,*,Male,0,0,45,*,>50K
155,"[0, 80[", Private,187715,Secondary education,9,Spouse present,*, Husband,*,Male,0,0,46,*,<=50K
156,"[0, 80[", Private,214542,Higher education,13,Spouse not present,*, Not-in-family,*,Male,0,0,40,*,<=50K
157,"[0, 80[", Self-emp-not-inc,494223,Higher education,10,Spouse not present,*, Unmarried,*,Male,0,1816,2,*,<=50K
158,"[0, 80[", Private,191535,Secondary education,9,Spouse not present,*, Not-in-family,*,Male,0,0,60,*,<=50K
159,"[0, 80[", Private,228456,Higher education,13,Spouse not present,*, Other-relative,*,Male,0,0,50,*,<=50K
161,"[0, 80[", Private,252752,Secondary education,9,Spouse not present,*, Unmarried,*,Female,0,0,40,*,<=50K
162,"[0, 80[", Self-emp-inc,78374,Higher education,14,Spouse not present,*, Unmarried,*,Female,0,0,40,*,<=50K
163,"[0, 80[", Private,88419,Secondary education,9,Spouse not present,*, Not-in-family,*,Female,0,0,40,*,<=50K
164,"[0, 80[", Self-emp-not-inc,201080,Higher education,14,Spouse present,*, Husband,*,Male,0,0,40,*,>50K
165,"[0, 80[", Private,207157,Higher education,10,Spouse not present,*, Unmarried,*,Female,0,0,40,*,<=50K
166,"[0, 80[", Federal-gov,235485,Higher education,12,Spouse not present,*, Not-in-family,*,Male,0,0,42,*,<=50K
167,"[0, 80[", State-gov,102628,Higher education,14,Spouse not present,*, Unmarried,*,Male,0,0,40,*,<=50K
168,"[0, 80[", Private,25828,Secondary education,7,Spouse not present,*, Own-child,*,Male,0,0,16,*,<=50K
169,"[0, 80[", Local-gov,54826,Higher education,11,Spouse not present,*, Not-in-family,*,Female,0,0,20,*,<=50K
170,"[0, 80[", Private,124953,Secondary education,9,Spouse not present,*, Not-in-family,*,Male,0,1980,40,*,<=50K
171,"[0, 80[", State-gov,175325,Secondary education,9,Spouse present,*, Husband,*,Male,0,0,40,*,<=50K
172,"[0, 80[", Private,96062,Higher education,10,Spouse present,*, Husband,*,Male,0,1977,40,*,>50K
173,"[0, 80[", Private,428030,Higher education,13,Spouse not present,*, Not-in-family,*,Male,0,0,50,*,<=50K
174,"[0, 80[", State-gov,149624,Higher education,13,Spouse present,*, Husband,*,Male,0,0,40,*,>50K
175,"[0, 80[", Private,253814,Secondary education,9,Spouse not present,*, Unmarried,*,Female,0,0,25,*,<=50K
176,"[0, 80[", Private,312956,Secondary education,9,Spouse not present,*, Own-child,*,Male,0,0,40,*,<=50K
177,"[0, 80[", Private,483777,Secondary education,9,Spouse not present,*, Not-in-family,*,Male,0,0,40,*,<=50K
178,"[0, 80[", Private,183930,Secondary education,9,Spouse not present,*, Own-child,*,Male,0,0,12,*,<=50K
179,"[0, 80[", Private,37274,Higher education,13,Spouse present,*, Husband,*,Male,0,0,65,*,<=50K
180,"[0, 80[", Local-gov,181344,Higher education,10,Spouse present,*, Husband,*,Male,0,0,38,*,>50K
181,"[0, 80[", Private,114580,Higher education,10,Spouse not present,*, Not-in-family,*,Female,0,0,40,*,<=50K
182,"[0, 80[", Private,633742,Higher education,10,Spouse not present,*, Not-in-family,*,Male,0,0,45,*,<=50K
183,"[0, 80[", Private,286370,Secondary education,4,Spouse present,*, Husband,*,Male,0,0,40,*,>50K
184,"[0, 80[", Federal-gov,29054,Higher education,10,Spouse present,*, Husband,*,Male,0,0,42,*,>50K
185,"[0, 80[", Private,304030,Secondary education,9,Spouse present,*, Husband,*,Male,0,0,40,*,<=50K
186,"[0, 80[", Self-emp-not-inc,143129,Higher education,13,Spouse not present,*, Not-in-family,*,Female,0,0,40,*,<=50K
187,"[0, 80[", ?,135105,Higher education,13,Spouse not present,*, Not-in-family,*,Female,0,0,50,*,<=50K
188,"[0, 80[", Private,99928,Higher education,14,Spouse present,*, Wife,*,Female,0,0,50,*,<=50K
189,"[0, 80[", State-gov,109567,Higher education,16,Spouse present,*, Husband,*,Male,0,0,1,*,>50K
190,"[0, 80[", Private,155222,Higher education,10,Spouse not present,*, Not-in-family,*,Female,0,0,28,*,<=50K
191,"[0, 80[", Private,159567,Higher education,10,Spouse present,*, Husband,*,Male,0,0,40,*,<=50K
192,"[0, 80[", Local-gov,523910,Higher education,13,Spouse present,*, Husband,*,Male,0,0,40,*,<=50K
193,"[0, 80[", Private,120939,Higher education,10,Spouse present,*, Husband,*,Male,0,0,45,*,<=50K
194,"[0, 80[", Federal-gov,130760,Higher education,13,Spouse present,*, Husband,*,Male,0,0,24,*,<=50K
196,"[0, 80[", Private,99374,Higher education,10,Spouse not present,*, Not-in-family,*,Male,0,0,40,*,<=50K
197,"[0, 80[", Federal-gov,56795,Higher education,14,Spouse not present,*, Not-in-family,*,Female,14084,0,55,*,>50K
198,"[0, 80[", Private,138992,Higher education,14,Spouse present,*, Other-relative,*,Male,7298,0,40,*,>50K
199,"[0, 80[", Self-emp-not-inc,32921,Secondary education,9,Spouse not present,*, Not-in-family,*,Male,0,0,40,*,<=50K
200,"[0, 80[", Private,397317,Higher education,14,Spouse not present,*, Not-in-family,*,Female,0,1876,40,*,<=50K
201,"[0, 80[", ?,170653,Secondary education,9,Spouse not present,*, Own-child,*,Male,0,0,40,*,<=50K
202,"[0, 80[", Private,259323,Higher education,13,Spouse present,*, Husband,*,Male,0,0,50,*,>50K
203,"[0, 80[", Local-gov,254817,Higher education,10,Spouse not present,*, Not-in-family,*,Female,0,1340,40,*,<=50K
204,"[0, 80[", State-gov,48211,Secondary education,9,Spouse not present,*, Unmarried,*,Female,0,0,35,*,<=50K
205,"[0, 80[", Private,140164,Secondary education,7,Spouse not present,*, Own-child,*,Female,0,0,40,*,<=50K
206,"[0, 80[", Private,128757,Higher education,13,Spouse present,*, Husband,*,Male,7298,0,36,*,>50K
207,"[0, 80[", Private,36270,Secondary education,9,Spouse not present,*, Not-in-family,*,Male,0,0,60,*,<=50K
209,"[0, 80[", Private,65368,Secondary education,7,Spouse not present,*, Own-child,*,Female,0,0,12,*,<=50K
210,"[0, 80[", Local-gov,160943,Secondary education,9,Spouse present,*, Husband,*,Male,0,0,40,*,<=50K
211,"[0, 80[", Private,208358,Secondary education,9,Spouse present,*, Husband,*,Male,0,0,40,*,>50K
212,"[0, 80[", Private,153790,Higher education,10,Spouse not present,*, Not-in-family,*,Female,0,0,40,*,<=50K
213,"[0, 80[", Private,85815,Secondary education,9,Spouse present,*, Husband,*,Male,0,0,40,*,<=50K
214,"[0, 80[", Self-emp-inc,125417,Secondary education,4,Spouse present,*, Husband,*,Male,0,0,40,*,>50K
215,"[0, 80[", Private,635913,Higher education,13,Spouse not present,*, Not-in-family,*,Male,0,0,60,*,>50K
216,"[0, 80[", Private,313321,Higher education,12,Spouse not present,*, Not-in-family,*,Female,0,0,40,*,<=50K
217,"[0, 80[", Private,182609,Higher education,13,Spouse present,*, Husband,*,Male,0,0,50,*,<=50K
218,"[0, 80[", Private,109434,Higher education,13,Spouse present,*, Husband,*,Male,0,0,55,*,<=50K
219,"[0, 80[", Private,255004,Secondary education,6,Spouse not present,*, Not-in-family,*,Male,0,0,40,*,<=50K
220,"[0, 80[", Private,197860,Higher education,10,Spouse present,*, Husband,*,Male,0,0,40,*,<=50K
223,"[0, 80[", Private,176681,Secondary education,9,Spouse present,*, Husband,*,Male,0,0,20,*,<=50K
225,"[0, 80[", Private,243313,Secondary education,9,Spouse not present,*, Own-child,*,Female,0,0,40,*,<=50K
226,"[0, 80[", ?,24215,Secondary education,6,Spouse not present,*, Not-in-family,*,Female,0,0,10,*,<=50K
227,"[0, 80[", Self-emp-not-inc,167687,Secondary education,9,Spouse present,*, Husband,*,Male,1409,0,50,*,<=50K
228,"[0, 80[", Private,314209,Higher education,11,Spouse not present,*, Not-in-family,*,Female,0,0,20,*,<=50K
229,"[0, 80[", Private,176796,Secondary education,9,Spouse not present,*, Not-in-family,*,Female,0,0,40,*,<=50K
230,"[0, 80[", Private,538583,Secondary education,7,Spouse not present,*, Not-in-family,*,Male,3674,0,40,*,<=50K
232,"[0, 80[", Private,159732,Higher education,10,Spouse not present,*, Not-in-family,*,Male,0,0,42,*,<=50K
233,"[0, 80[", Private,110978,Higher education,10,Spouse not present,*, Other-relative,*,Female,0,0,40,*,<=50K
234,"[0, 80[", Private,76714,Higher education,15,Spouse not present,*, Not-in-family,*,Male,0,0,55,*,>50K
235,"[0, 80[", State-gov,268700,Secondary education,9,Spouse present,*, Husband,*,Male,0,0,40,*,<=50K
236,"[0, 80[", State-gov,170525,Higher education,10,Spouse not present,*, Not-in-family,*,Female,0,0,38,*,<=50K
237,"[0, 80[", Private,180138,Higher education,13,Spouse present,*, Husband,*,Male,0,0,50,*,>50K
238,"[0, 80[", Local-gov,115076,Higher education,14,Spouse present,*, Husband,*,Male,0,0,70,*,>50K
239,"[0, 80[", Private,115458,Secondary education,9,Spouse not present,*, Own-child,*,Male,0,0,40,*,<=50K
240,"[0, 80[", Private,347890,Higher education,13,Spouse present,*, Husband,*,Male,0,0,40,*,>50K
241,"[0, 80[", Self-emp-not-inc,196001,Secondary education,9,Spouse present,*, Wife,*,Female,0,0,20,*,<=50K
242,"[0, 80[", State-gov,273905,Higher education,12,Spouse present,*, Husband,*,Male,0,0,50,*,<=50K
243,"[0, 80[", ?,119156,Higher education,10,Spouse not present,*, Own-child,*,Male,0,0,20,*,<=50K
244,"[0, 80[", Private,179488,Higher education,10,Spouse not present,*, Not-in-family,*,Male,0,1741,40,*,<=50K
245,"[0, 80[", Private,203580,Secondary education,9,Spouse present,*, Husband,*,Male,0,0,35,*,<=50K
246,"[0, 80[", Private,236596,Secondary education,9,Spouse present,*, Husband,*,Male,0,0,45,*,>50K
247,"[0, 80[", Private,183916,Secondary education,9,Spouse not present,*, Not-in-family,*,Female,0,0,34,*,<=50K
248,"[0, 80[", Private,207578,Higher education,12,Spouse present,*, Husband,*,Male,0,1977,60,*,>50K
249,"[0, 80[", Private,153141,Secondary education,9,Spouse present,*, Husband,*,Male,0,0,40,*,<=50K
250,"[0, 80[", Private,112763,Higher education,15,Spouse present,*, Wife,*,Female,0,0,40,*,>50K
252,"[0, 80[", Local-gov,171328,Secondary education,6,Spouse not present,*, Unmarried,*,Female,0,0,30,*,<=50K
253,"[0, 80[", Local-gov,27382,Higher education,10,Spouse not present,*, Own-child,*,Male,0,0,40,*,<=50K
254,"[0, 80[", Private,259014,Higher education,10,Spouse not present,*, Not-in-family,*,Male,0,0,20,*,<=50K
255,"[0, 80[", Self-emp-not-inc,303044,Secondary education,9,Spouse present,*, Husband,*,Male,0,0,40,*,>50K
256,"[0, 80[", Private,117789,Secondary education,9,Spouse not present,*, Own-child,*,Female,0,0,40,*,<=50K
257,"[0, 80[", Private,172579,Secondary education,9,Spouse not present,*, Not-in-family,*,Female,0,0,30,*,<=50K
258,"[0, 80[", Private,187666,Higher education,11,Spouse not present,*, Not-in-family,*,Female,0,0,45,*,<=50K
260,"[0, 80[", Private,150042,Higher education,13,Spouse not present,*, Own-child,*,Female,0,0,40,*,<=50K
261,"[0, 80[", Private,98092,Secondary education,9,Spouse present,*, Husband,*,Male,0,0,60,*,<=50K
262,"[0, 80[", Private,245918,Secondary education,7,Spouse not present,*, Own-child,*,Male,0,0,12,*,<=50K
263,"[0, 80[", Private,146013,Higher education,10,Spouse present,*, Husband,*,Male,4064,0,40,*,<=50K
264,"[0, 80[", Private,378322,Secondary education,7,Spouse present,*, Husband,*,Male,0,0,40,*,<=50K
265,"[0, 80[", Self-emp-inc,257295,Higher education,10,Spouse present,*, Husband,*,Male,0,0,75,*,>50K
266,"[0, 80[", ?,218956,Higher education,10,Spouse not present,*, Own-child,*,Male,0,0,24,*,<=50K
267,"[0, 80[", Private,21174,Secondary education,9,Spouse present,*, Husband,*,Male,0,0,40,*,>50K
268,"[0, 80[", Private,185480,Higher education,13,Spouse not present,*, Not-in-family,*,Female,0,0,45,*,<=50K
270,"[0, 80[", Private,69867,Secondary education,9,Spouse present,*, Husband,*,Male,0,0,40,*,>50K
271,"[0, 80[", Private,191260,Secondary education,5,Spouse not present,*, Own-child,*,Male,1055,0,24,*,<=50K
272,"[0, 80[", Self-emp-not-inc,30653,Higher education,14,Spouse present,*, Husband,*,Male,2407,0,98,*,<=50K
273,"[0, 80[", Local-gov,209109,Higher education,14,Spouse not present,*, Own-child,*,Male,0,0,35,*,<=50K
274,"[0, 80[", Private,70377,Secondary education,9,Spouse not present,*, Own-child,*,Female,0,0,40,*,<=50K
275,"[0, 80[", Private,477983,Secondary education,9,Spouse present,*, Husband,*,Male,0,0,40,*,<=50K
276,"[0, 80[", Private,170924,Higher education,10,Spouse present,*, Husband,*,Male,7298,0,40,*,>50K
277,"[0, 80[", Private,190174,Higher education,10,Spouse not present,*, Not-in-family,*,Female,0,0,40,*,<=50K
278,"[0, 80[", Private,193787,Higher education,10,Spouse not present,*, Own-child,*,Female,0,0,40,*,<=50K
279,"[0, 80[", Private,279472,Higher education,10,Spouse present,*, Wife,*,Female,7298,0,48,*,>50K
280,"[0, 80[", Private,34918,Higher education,13,Spouse not present,*, Not-in-family,*,Female,0,0,15,*,<=50K
281,"[0, 80[", Local-gov,97688,Higher education,10,Spouse present,*, Husband,*,Male,5178,0,40,*,>50K
282,"[0, 80[", Private,175413,Higher education,12,Spouse not present,*, Unmarried,*,Female,0,0,45,*,<=50K
283,"[0, 80[", Private,173960,Higher education,13,Spouse not present,*, Not-in-family,*,Female,0,0,42,*,<=50K
284,"[0, 80[", Private,205759,Secondary education,9,Spouse not present,*, Own-child,*,Male,0,0,40,*,<=50K
285,"[0, 80[", Federal-gov,425161,Higher education,14,Spouse present,*, Husband,*,Male,15024,0,40,*,>50K
286,"[0, 80[", Private,220531,Higher education,15,Spouse present,*, Husband,*,Male,0,0,60,*,>50K
287,"[0, 80[", Private,176609,Higher education,10,Spouse not present,*, Not-in-family,*,Male,0,0,45,*,<=50K
288,"[0, 80[", Private,371987,Higher education,13,Spouse not present,*, Not-in-family,*,Female,0,0,40,*,<=50K
289,"[0, 80[", Private,193884,Secondary education,4,Spouse present,*, Husband,*,Male,0,0,40,*,<=50K
290,"[0, 80[", Private,200352,Higher education,13,Spouse present,*, Husband,*,Male,0,0,45,*,<=50K
291,"[0, 80[", Private,127595,Secondary education,9,Spouse not present,*, Not-in-family,*,Female,0,0,40,*,<=50K
292,"[0, 80[", Local-gov,220419,Higher education,13,Spouse not present,*, Not-in-family,*,Male,0,0,56,*,<=50K
293,"[0, 80[", Private,231931,Higher education,10,Spouse not present,*, Own-child,*,Male,0,0,45,*,<=50K
294,"[0, 80[", Private,248402,Higher education,13,Spouse not present,*, Unmarried,*,Female,0,0,40,*,<=50K
295,"[0, 80[", Private,111095,Secondary education,9,Spouse present,*, Husband,*,Male,0,0,16,*,<=50K
296,"[0, 80[", Self-emp-inc,57424,Higher education,13,Spouse not present,*, Not-in-family,*,Female,0,0,60,*,<=50K
297,"[0, 80[", ?,157443,Higher education,14,Spouse present,*, Wife,*,Female,3464,0,40,*,<=50K
298,"[0, 80[", Private,278130,Secondary education,9,Spouse not present,*, Own-child,*,Male,0,0,40,*,<=50K
299,"[0, 80[", Private,169469,Secondary education,9,Spouse not present,*, Not-in-family,*,Male,0,0,80,*,<=50K
300,"[0, 80[", Private,146268,Higher education,13,Spouse present,*, Husband,*,Male,7688,0,40,*,>50K
301,"[0, 80[", Private,153718,Higher education,10,Spouse not present,*, Not-in-family,*,Female,0,0,25,*,<=50K
302,"[0, 80[", Private,217460,Secondary education,9,Spouse present,*, Husband,*,Male,0,0,45,*,>50K
303,"[0, 80[", Private,238638,Secondary education,9,Spouse present,*, Husband,*,Male,4386,0,40,*,>50K
304,"[0, 80[", Private,303296,Higher education,10,Spouse present,*, Wife,*,Female,0,0,40,*,<=50K
305,"[0, 80[", Private,173321,Secondary education,9,Spouse not present,*, Not-in-family,*,Female,0,0,40,*,<=50K
306,"[0, 80[", Private,193945,Higher education,12,Spouse not present,*, Not-in-family,*,Male,0,0,45,*,<=50K
307,"[0, 80[", Private,83082,Higher education,12,Spouse not present,*, Not-in-family,*,Female,0,0,33,*,<=50K
308,"[0, 80[", Private,193815,Higher education,12,Spouse present,*, Husband,*,Male,0,0,40,*,>50K
309,"[0, 80[", Self-emp-inc,34987,Higher education,10,Spouse present,*, Husband,*,Male,0,0,54,*,>50K
310,"[0, 80[", Private,59306,Higher education,13,Spouse not present,*, Not-in-family,*,Male,0,0,40,*,<=50K
311,"[0, 80[", Private,142897,Higher education,14,Spouse present,*, Husband,*,Male,7298,0,35,*,>50K
312,"[0, 80[", ?,860348,Higher education,10,Spouse not present,*, Own-child,*,Female,0,0,25,*,<=50K
313,"[0, 80[", Self-emp-not-inc,205607,Higher education,13,Spouse not present,*, Not-in-family,*,Female,0,0,40,*,>50K
314,"[0, 80[", Private,199698,Higher education,10,Spouse not present,*, Own-child,*,Male,0,0,15,*,<=50K
315,"[0, 80[", Private,191954,Higher education,10,Spouse not present,*, Not-in-family,*,Male,0,0,40,*,<=50K
316,"[0, 80[", Self-emp-not-inc,138714,Higher education,10,Spouse present,*, Husband,*,Male,0,0,40,*,<=50K
318,"[0, 80[", Private,423158,Higher education,10,Spouse not present,*, Not-in-family,*,Female,0,0,40,*,<=50K
319,"[0, 80[", Private,159841,Secondary education,9,Spouse not present,*, Not-in-family,*,Female,0,0,24,*,<=50K
320,"[0, 80[", Self-emp-not-inc,174308,Secondary education,9,Spouse present,*, Husband,*,Male,0,0,40,*,<=50K
321,"[0, 80[", Private,50356,Higher education,10,Spouse present,*, Husband,*,Male,0,1485,50,*,<=50K
322,"[0, 80[", Private,186110,Secondary education,9,Spouse not present,*, Not-in-family,*,Male,0,0,45,*,<=50K
323,"[0, 80[", Private,200381,Secondary education,7,Spouse not present,*, Not-in-family,*,Female,0,0,40,*,<=50K
324,"[0, 80[", Self-emp-not-inc,174309,Higher education,14,Spouse present,*, Husband,*,Male,0,0,10,*,<=50K
325,"[0, 80[", Self-emp-not-inc,78383,Secondary education,9,Spouse present,*, Husband,*,Male,0,0,45,*,<=50K
326,"[0, 80[", ?,211601,Higher education,11,Spouse not present,*, Own-child,*,Female,0,0,15,*,<=50K
327,"[0, 80[", Private,187728,Higher education,10,Spouse present,*, Wife,*,Female,0,1887,50,*,>50K
328,"[0, 80[", Self-emp-not-inc,321171,Secondary education,9,Spouse present,*, Husband,*,Male,0,0,40,*,<=50K
329,"[0, 80[", Private,127921,Secondary education,9,Spouse not present,*, Not-in-family,*,Male,2050,0,55,*,<=50K
330,"[0, 80[", Private,206565,Higher education,10,Spouse not present,*, Not-in-family,*,Male,0,0,45,*,<=50K
331,"[0, 80[", Private,224563,Higher education,13,Spouse not present,*, Not-in-family,*,Male,0,0,40,*,<=50K
332,"[0, 80[", Private,178686,Higher education,11,Spouse not present,*, Not-in-family,*,Male,0,0,40,*,<=50K
333,"[0, 80[", Local-gov,98545,Secondary education,6,Spouse present,*, Husband,*,Male,0,0,40,*,<=50K
334,"[0, 80[", Private,242606,Secondary education,9,Spouse present,*, Husband,*,Male,0,0,40,*,<=50K
336,"[0, 80[", Private,94235,Secondary education,9,Spouse not present,*, Other-relative,*,Male,0,0,40,*,<=50K
337,"[0, 80[", Private,71195,Higher education,14,Spouse not present,*, Not-in-family,*,Male,0,0,60,*,<=50K
338,"[0, 80[", Private,104112,Secondary education,9,Spouse not present,*, Unmarried,*,Male,0,0,30,*,<=50K
339,"[0, 80[", Private,261192,Secondary education,9,Spouse present,*, Husband,*,Male,0,0,40,*,<=50K
340,"[0, 80[", Private,94936,Higher education,12,Spouse not present,*, Not-in-family,*,Male,0,0,40,*,<=50K
341,"[0, 80[", Private,296478,Higher education,11,Spouse present,*, Husband,*,Male,7298,0,40,*,>50K
342,"[0, 80[", State-gov,119272,Secondary education,9,Spouse present,*, Husband,*,Male,7298,0,40,*,>50K
343,"[0, 80[", Private,85043,Secondary education,9,Spouse not present,*, Not-in-family,*,Male,0,0,20,*,<=50K
344,"[0, 80[", State-gov,293364,Higher education,10,Spouse not present,*, Own-child,*,Female,0,0,40,*,<=50K
345,"[0, 80[", Self-emp-not-inc,241895,Higher education,13,Spouse not present,*, Not-in-family,*,Male,0,0,42,*,<=50K
346,"[0, 80[", ?,36135,Secondary education,7,Spouse present,*, Husband,*,Male,0,0,8,*,<=50K
347,"[0, 80[", ?,151989,Higher education,11,Spouse not present,*, Unmarried,*,Female,0,0,40,*,<=50K
348,"[0, 80[", Private,101128,Higher education,12,Spouse not present,*, Not-in-family,*,Male,0,0,25,*,<=50K
349,"[0, 80[", Private,156464,Higher education,13,Spouse not present,*, Own-child,*,Male,0,0,25,*,<=50K
350,"[0, 80[", Private,117963,Higher education,13,Spouse present,*, Husband,*,Male,0,0,40,*,>50K
351,"[0, 80[", Private,192262,Secondary education,9,Spouse present,*, Husband,*,Male,0,0,40,*,<=50K
352,"[0, 80[", Private,111363,Higher education,13,Spouse present,*, Husband,*,Male,0,0,40,*,>50K
353,"[0, 80[", Local-gov,329752,Secondary education,7,Spouse present,*, Husband,*,Male,0,0,30,*,<=50K
354,"[0, 80[", ?,372020,Higher education,13,Spouse present,*, Husband,*,Male,0,0,40,*,>50K
355,"[0, 80[", Federal-gov,95432,Secondary education,9,Spouse present,*, Husband,*,Male,0,0,40,*,>50K
356,"[0, 80[", Private,161400,Secondary education,7,Spouse not present,*, Unmarried,*,Male,0,0,40,*,<=50K
357,"[0, 80[", Private,96129,Higher education,11,Spouse present,*, Husband,*,Male,0,0,40,*,>50K
358,"[0, 80[", Private,111949,Secondary education,9,Spouse present,*, Wife,*,Female,0,0,35,*,<=50K
359,"[0, 80[", Self-emp-not-inc,117125,Secondary education,5,Spouse present,*, Husband,*,Male,0,0,40,*,<=50K
361,"[0, 80[", Private,270092,Higher education,14,Spouse present,*, Husband,*,Male,0,0,40,*,>50K
362,"[0, 80[", Private,180609,Higher education,13,Spouse present,*, Husband,*,Male,0,0,45,*,<=50K
363,"[0, 80[", Private,174575,Higher education,13,Spouse not present,*, Not-in-family,*,Male,0,1564,45,*,>50K
364,"[0, 80[", Private,410439,Secondary education,9,Spouse not present,*, Not-in-family,*,Male,0,0,55,*,<=50K
365,"[0, 80[", Private,92262,Secondary education,9,Spouse present,*, Husband,*,Male,0,0,40,*,<=50K
366,"[0, 80[", Self-emp-not-inc,183081,Higher education,10,Spouse present,*, Husband,*,Male,0,0,45,*,<=50K
367,"[0, 80[", Private,362589,Higher education,12,Spouse not present,*, Not-in-family,*,Female,0,0,15,*,<=50K
368,"[0, 80[", Private,212448,Higher education,13,Spouse not present,*, Not-in-family,*,Female,0,0,45,*,>50K
369,"[0, 80[", Private,481060,Secondary education,9,Spouse not present,*, Unmarried,*,Female,0,0,40,*,<=50K
370,"[0, 80[", Federal-gov,185885,Higher education,10,Spouse not present,*, Unmarried,*,Female,0,0,15,*,<=50K
371,"[0, 80[", Private,89821,Secondary education,7,Spouse not present,*, Own-child,*,Male,0,0,10,*,<=50K
372,"[0, 80[", State-gov,184018,Higher education,11,Spouse present,*, Husband,*,Male,0,0,38,*,>50K
373,"[0, 80[", Private,256649,Secondary education,9,Spouse present,*, Husband,*,Male,0,0,40,*,<=50K
375,"[0, 80[", Local-gov,350845,Higher education,10,Spouse not present,*, Own-child,*,Female,0,0,10,*,<=50K
377,"[0, 80[", Private,35633,Higher education,10,Spouse not present,*, Not-in-family,*,Male,0,0,40,*,<=50K
378,"[0, 80[", Self-emp-not-inc,80914,Higher education,14,Spouse not present,*, Not-in-family,*,Male,0,0,30,*,<=50K
379,"[0, 80[", Private,172927,Secondary education,9,Spouse present,*, Husband,*,Male,0,0,50,*,<=50K
380,"[0, 80[", Private,174319,Secondary education,9,Spouse not present,*, Not-in-family,*,Male,0,0,40,*,<=50K
382,"[0, 80[", Private,344991,Higher education,10,Spouse present,*, Husband,*,Male,0,0,40,*,<=50K
383,"[0, 80[", Private,108699,Higher education,10,Spouse not present,*, Not-in-family,*,Female,0,0,40,*,<=50K
384,"[0, 80[", Local-gov,117312,Higher education,10,Spouse present,*, Wife,*,Female,0,0,40,*,<=50K
385,"[0, 80[", Private,396099,Secondary education,9,Spouse not present,*, Not-in-family,*,Female,0,0,25,*,<=50K
386,"[0, 80[", Private,134152,Secondary education,9,Spouse not present,*, Not-in-family,*,Male,0,0,40,*,<=50K
388,"[0, 80[", Private,25429,Higher education,10,Spouse not present,*, Own-child,*,Female,0,0,16,*,<=50K
389,"[0, 80[", Private,232392,Secondary education,9,Spouse not present,*, Other-relative,*,Female,0,0,40,*,<=50K
391,"[0, 80[", Private,301302,Higher education,13,Spouse not present,*, Not-in-family,*,Male,0,0,50,*,<=50K
392,"[0, 80[", Self-emp-not-inc,277946,Higher education,12,Spouse not present,*, Not-in-family,*,Male,0,0,40,*,<=50K
393,"[0, 80[", State-gov,98101,Higher education,13,Spouse present,*, Husband,*,Male,7688,0,45,*,>50K
394,"[0, 80[", Private,196164,Secondary education,9,Spouse not present,*, Not-in-family,*,Female,0,0,35,*,<=50K
395,"[0, 80[", Private,115562,Higher education,10,Spouse present,*, Husband,*,Male,0,0,40,*,<=50K
396,"[0, 80[", Private,96975,Higher education,10,Spouse not present,*, Unmarried,*,Female,0,0,40,*,<=50K
397,"[0, 80[", ?,137300,Secondary education,9,Spouse not present,*, Other-relative,*,Female,0,0,35,*,<=50K
398,"[0, 80[", Private,86872,Higher education,13,Spouse present,*, Husband,*,Male,0,0,55,*,>50K
399,"[0, 80[", Self-emp-inc,132178,Higher education,13,Spouse present,*, Husband,*,Male,0,0,50,*,>50K
400,"[0, 80[", Private,416103,Higher education,10,Spouse not present,*, Own-child,*,Male,0,0,40,*,<=50K
401,"[0, 80[", Private,108574,Higher education,10,Spouse not present,*, Not-in-family,*,Female,0,0,40,*,<=50K
402,"[0, 80[", State-gov,288353,Higher education,13,Spouse present,*, Husband,*,Male,0,0,40,*,>50K
403,"[0, 80[", Private,227689,Higher education,11,Spouse not present,*, Not-in-family,*,Female,0,0,64,*,<=50K
404,"[0, 80[", Private,166481,Secondary education,4,Spouse present,*, Husband,*,Male,0,2179,40,*,<=50K
405,"[0, 80[", Private,445382,Higher education,14,Spouse present,*, Husband,*,Male,0,1977,65,*,>50K
406,"[0, 80[", Private,110145,Secondary education,9,Spouse present,*, Husband,*,Male,0,0,40,*,<=50K
407,"[0, 80[", Self-emp-not-inc,317253,Secondary education,9,Spouse present,*, Husband,*,Male,0,0,25,*,<=50K
408,"[0, 80[", ?,123147,Higher education,10,Spouse present,*, Wife,*,Female,0,1887,40,*,>50K
409,"[0, 80[", Private,364657,Higher education,10,Spouse present,*, Husband,*,Male,0,0,50,*,<=50K
410,"[0, 80[", Local-gov,42346,Higher education,10,Spouse not present,*, Not-in-family,*,Female,0,0,24,*,<=50K
411,"[0, 80[", Private,241951,Secondary education,9,Spouse not present,*, Unmarried,*,Female,0,0,40,*,<=50K
412,"[0, 80[", Private,118500,Higher education,10,Spouse not present,*, Unmarried,*,Female,0,0,40,*,<=50K
413,"[0, 80[", Private,188386,Higher education,16,Spouse present,*, Husband,*,Male,15024,0,60,*,>50K
414,"[0, 80[", State-gov,1033222,Higher education,10,Spouse present,*, Husband,*,Male,0,0,40,*,<=50K
415,"[0, 80[", Private,92440,Secondary education,8,Spouse not present,*, Not-in-family,*,Male,0,0,50,*,>50K
417,"[0, 80[", Private,426017,Secondary education,7,Spouse not present,*, Own-child,*,Female,0,0,19,*,<=50K
418,"[0, 80[", Local-gov,243867,Secondary education,7,Spouse not present,*, Not-in-family,*,Male,0,0,40,*,<=50K
419,"[0, 80[", State-gov,240283,Secondary education,9,Spouse not present,*, Unmarried,*,Female,0,0,40,*,<=50K
420,"[0, 80[", Private,61777,Higher education,10,Spouse present,*, Husband,*,Male,0,0,30,*,<=50K
421,"[0, 80[", Private,175024,Secondary education,7,Spouse not present,*, Own-child,*,Male,2176,0,18,*,<=50K
422,"[0, 80[", State-gov,92003,Higher education,13,Spouse present,*, Wife,*,Female,0,0,40,*,>50K
423,"[0, 80[", Private,188401,Secondary education,9,Spouse not present,*, Not-in-family,*,Male,0,0,40,*,<=50K
424,"[0, 80[", Private,228528,Secondary education,6,Spouse not present,*, Unmarried,*,Female,0,0,35,*,<=50K
425,"[0, 80[", Private,133373,Secondary education,9,Spouse present,*, Husband,*,Male,0,0,60,*,<=50K
426,"[0, 80[", Federal-gov,255191,Higher education,14,Spouse not present,*, Not-in-family,*,Male,0,1408,40,*,<=50K
427,"[0, 80[", Private,204653,Secondary education,9,Spouse not present,*, Not-in-family,*,Male,0,0,72,*,<=50K
428,"[0, 80[", Self-emp-inc,222289,Secondary education,9,Spouse present,*, Husband,*,Male,0,0,40,*,>50K
429,"[0, 80[", Local-gov,287480,Higher education,14,Spouse present,*, Husband,*,Male,0,0,40,*,<=50K
431,"[0, 80[", ?,202521,Secondary education,7,Spouse not present,*, Own-child,*,Male,0,0,40,*,<=50K
432,"[0, 80[", Self-emp-not-inc,204116,Higher education,13,Spouse not present,*, Not-in-family,*,Female,2174,0,40,*,<=50K
433,"[0, 80[", Private,29662,Higher education,12,Spouse present,*, Wife,*,Female,0,0,25,*,>50K
434,"[0, 80[", Private,116358,Higher education,10,Spouse not present,*, Own-child,*,Male,0,1980,40,*,<=50K
435,"[0, 80[", Private,208405,Higher education,14,Spouse present,*, Husband,*,Male,0,0,50,*,>50K
436,"[0, 80[", Local-gov,284843,Secondary education,9,Spouse not present,*, Not-in-family,*,Male,594,0,60,*,<=50K
437,"[0, 80[", Local-gov,117018,Higher education,10,Spouse not present,*, Not-in-family,*,Female,0,0,40,*,<=50K
438,"[0, 80[", Private,81281,Higher education,10,Spouse present,*, Husband,*,Male,0,0,40,*,<=50K
440,"[0, 80[", Private,363425,Higher education,13,Spouse not present,*, Not-in-family,*,Male,0,0,40,*,<=50K
441,"[0, 80[", Private,45857,Secondary education,9,Spouse not present,*, Not-in-family,*,Female,0,0,28,*,<=50K
442,"[0, 80[", Federal-gov,191073,Secondary education,9,Spouse not present,*, Own-child,*,Male,0,0,40,*,<=50K
443,"[0, 80[", Private,116632,Higher education,10,Spouse present,*, Husband,*,Male,0,0,40,*,>50K
444,"[0, 80[", Private,405855,Secondary education,5,Spouse not present,*, Other-relative,*,Male,0,0,40,*,<=50K
445,"[0, 80[", Private,298227,Higher education,10,Spouse not present,*, Not-in-family,*,Male,0,0,35,*,<=50K
447,"[0, 80[", Private,56915,Secondary education,9,Spouse present,*, Husband,*,Male,0,0,40,*,<=50K
448,"[0, 80[", Private,146538,Secondary education,9,Spouse present,*, Husband,*,Male,0,0,40,*,<=50K
449,"[0, 80[", ?,258872,Secondary education,7,Spouse not present,*, Own-child,*,Female,0,0,5,*,<=50K
450,"[0, 80[", Private,206399,Secondary education,9,Spouse not present,*, Own-child,*,Female,0,0,40,*,<=50K
451,"[0, 80[", Self-emp-inc,197332,Higher education,10,Spouse present,*, Husband,*,Male,0,0,55,*,>50K
452,"[0, 80[", Private,245062,Secondary education,9,Spouse present,*, Husband,*,Male,0,0,40,*,>50K
453,"[0, 80[", Private,197583,Higher education,12,Spouse present,*, Husband,*,Male,0,0,40,*,>50K
455,"[0, 80[", Private,72887,Higher education,11,Spouse present,*, Husband,*,Male,0,0,40,*,>50K
457,"[0, 80[", Private,351299,Higher education,10,Spouse present,*, Husband,*,Male,0,0,50,*,<=50K
458,"[0, 80[", Private,54012,Secondary education,9,Spouse present,*, Husband,*,Male,0,0,60,*,<=50K
459,"[0, 80[", ?,115745,Higher education,10,Spouse present,*, Husband,*,Male,0,0,40,*,<=50K
460,"[0, 80[", Private,116632,Higher education,12,Spouse not present,*, Own-child,*,Male,0,0,40,*,<=50K
461,"[0, 80[", Local-gov,288825,Secondary education,9,Spouse present,*, Husband,*,Male,0,0,40,*,<=50K
462,"[0, 80[", Private,132601,Higher education,13,Spouse present,*, Husband,*,Male,0,0,50,*,<=50K
464,"[0, 80[", Private,170070,Higher education,13,Spouse not present,*, Not-in-family,*,Female,0,0,20,*,<=50K
466,"[0, 80[", Private,35598,Secondary education,9,Spouse not present,*, Unmarried,*,Male,0,0,40,*,<=50K
467,"[0, 80[", Private,33983,Higher education,10,Spouse present,*, Husband,*,Male,0,0,40,*,<=50K
468,"[0, 80[", Private,192776,Higher education,14,Spouse present,*, Husband,*,Male,0,1977,45,*,>50K
469,"[0, 80[", Private,118551,Higher education,13,Spouse present,*, Wife,*,Female,0,0,16,*,>50K
470,"[0, 80[", Private,201965,Higher education,10,Spouse not present,*, Unmarried,*,Male,0,0,40,*,>50K
471,"[0, 80[", ?,139883,Higher education,10,Spouse not present,*, Own-child,*,Male,0,0,40,*,<=50K
472,"[0, 80[", Private,285020,Secondary education,9,Spouse not present,*, Not-in-family,*,Male,0,0,40,*,<=50K
473,"[0, 80[", Private,303990,Secondary education,9,Spouse not present,*, Not-in-family,*,Male,0,0,60,*,<=50K
474,"[0, 80[", Private,49401,Higher education,11,Spouse not present,*, Not-in-family,*,Female,0,0,24,*,<=50K
475,"[0, 80[", Private,279196,Higher education,13,Spouse not present,*, Not-in-family,*,Female,0,0,40,*,<=50K
476,"[0, 80[", Private,211870,Secondary education,5,Spouse not present,*, Not-in-family,*,Male,0,0,6,*,<=50K
477,"[0, 80[", Private,281432,Higher education,10,Spouse not present,*, Own-child,*,Male,0,0,30,*,<=50K
478,"[0, 80[", Private,161155,Secondary education,6,Spouse not present,*, Not-in-family,*,Male,0,0,40,*,<=50K
479,"[0, 80[", Private,197904,Secondary education,9,Spouse not present,*, Unmarried,*,Female,0,0,35,*,<=50K
480,"[0, 80[", Private,111746,Higher education,12,Spouse present,*, Husband,*,Male,0,0,45,*,<=50K
481,"[0, 80[", Self-emp-not-inc,170721,Higher education,10,Spouse present,*, Husband,*,Male,0,0,20,*,<=50K
482,"[0, 80[", State-gov,70100,Higher education,13,Spouse not present,*, Not-in-family,*,Male,0,0,20,*,<=50K
483,"[0, 80[", Private,193626,Secondary education,9,Spouse not present,*, Unmarried,*,Female,0,0,40,*,<=50K
484,"[0, 80[", ?,271749,Secondary education,8,Spouse not present,*, Other-relative,*,Male,594,0,40,*,<=50K
485,"[0, 80[", Private,189775,Higher education,10,Spouse not present,*, Own-child,*,Female,0,0,20,*,<=50K
487,"[0, 80[", Local-gov,286967,Secondary education,9,Spouse present,*, Husband,*,Male,0,0,45,*,<=50K
488,"[0, 80[", Local-gov,164427,Higher education,13,Spouse not present,*, Unmarried,*,Female,0,0,40,*,<=50K
489,"[0, 80[", Private,91039,Higher education,13,Spouse present,*, Husband,*,Male,15024,0,60,*,>50K
490,"[0, 80[", Private,347934,Secondary education,9,Spouse not present,*, Not-in-family,*,Female,0,0,35,*,<=50K
491,"[0, 80[", Federal-gov,371373,Secondary education,9,Spouse not present,*, Not-in-family,*,Male,0,0,40,*,<=50K
492,"[0, 80[", Private,32220,Higher education,12,Spouse not present,*, Not-in-family,*,Female,0,0,60,*,<=50K
493,"[0, 80[", Private,187251,Secondary education,9,Spouse not present,*, Unmarried,*,Female,0,0,25,*,<=50K
494,"[0, 80[", Private,178107,Higher education,13,Spouse not present,*, Own-child,*,Male,0,0,20,*,<=50K
495,"[0, 80[", Private,343121,Secondary education,9,Spouse not present,*, Unmarried,*,Female,0,0,36,*,<=50K
496,"[0, 80[", Private,262749,Higher education,10,Spouse not present,*, Own-child,*,Male,0,0,40,*,<=50K
498,"[0, 80[", Private,64293,Higher education,10,Spouse not present,*, Not-in-family,*,Female,0,0,35,*,<=50K
499,"[0, 80[", ?,303588,Secondary education,9,Spouse present,*, Husband,*,Male,0,0,20,*,<=50K
500,"[0, 80[", Local-gov,324960,Secondary education,9,Spouse not present,*, Not-in-family,*,Male,0,0,40,*,<=50K
501,"[0, 80[", Local-gov,114060,Secondary education,9,Spouse present,*, Husband,*,Male,0,0,40,*,<=50K
502,"[0, 80[", Private,48925,Higher education,10,Spouse present,*, Husband,*,Male,0,0,40,*,<=50K
503,"[0, 80[", Private,180980,Higher education,10,Spouse not present,*, Unmarried,*,Female,0,0,42,*,<=50K
504,"[0, 80[", Private,181054,Higher education,13,Spouse not present,*, Not-in-family,*,Female,0,0,40,*,<=50K
505,"[0, 80[", Private,388093,Higher education,13,Spouse not present,*, Not-in-family,*,Male,0,0,40,*,<=50K
506,"[0, 80[", Private,249609,Higher education,10,Spouse not present,*, Own-child,*,Male,0,0,8,*,<=50K
507,"[0, 80[", Private,112131,Higher education,10,Spouse present,*, Husband,*,Male,0,0,40,*,<=50K
508,"[0, 80[", Local-gov,543162,Secondary education,9,Spouse not present,*, Unmarried,*,Female,0,0,40,*,<=50K
509,"[0, 80[", Private,91996,Secondary education,9,Spouse not present,*, Unmarried,*,Female,0,0,40,*,<=50K
510,"[0, 80[", Private,141944,Higher education,11,Spouse not present,*, Unmarried,*,Male,0,1380,42,*,<=50K
512,"[0, 80[", Private,37070,Higher education,11,Spouse not present,*, Not-in-family,*,Male,0,0,45,*,<=50K
513,"[0, 80[", Private,337587,Higher education,10,Spouse present,*, Husband,*,Male,0,0,50,*,>50K
514,"[0, 80[", Private,189346,Secondary education,9,Spouse not present,*, Not-in-family,*,Male,0,0,45,*,<=50K
515,"[0, 80[", ?,222216,Higher education,11,Spouse not present,*, Unmarried,*,Female,0,0,38,*,<=50K
516,"[0, 80[", Private,267044,Higher education,10,Spouse not present,*, Not-in-family,*,Female,0,0,20,*,<=50K
517,"[0, 80[", ?,214635,Higher education,10,Spouse not present,*, Own-child,*,Male,0,0,24,*,<=50K
518,"[0, 80[", ?,204226,Higher education,10,Spouse not present,*, Unmarried,*,Female,0,0,35,*,<=50K
519,"[0, 80[", Private,108116,Higher education,13,Spouse present,*, Husband,*,Male,0,0,50,*,>50K
520,"[0, 80[", Self-emp-inc,99146,Higher education,13,Spouse present,*, Husband,*,Male,15024,0,80,*,>50K
521,"[0, 80[", Private,196232,Secondary education,9,Spouse present,*, Husband,*,Male,7688,0,50,*,>50K
522,"[0, 80[", Local-gov,248344,Higher education,10,Spouse not present,*, Not-in-family,*,Male,0,0,50,*,<=50K
523,"[0, 80[", Local-gov,186035,Higher education,10,Spouse present,*, Husband,*,Male,0,0,45,*,>50K
524,"[0, 80[", Private,177905,Higher education,10,Spouse not present,*, Unmarried,*,Male,0,0,58,*,>50K
525,"[0, 80[", Private,85812,Higher education,10,Spouse present,*, Wife,*,Female,0,0,40,*,<=50K
526,"[0, 80[", Private,221172,Higher education,13,Spouse present,*, Husband,*,Male,0,0,40,*,>50K
527,"[0, 80[", Private,99183,Higher education,10,Spouse not present,*, Not-in-family,*,Female,0,0,9,*,<=50K
528,"[0, 80[", Self-emp-not-inc,190387,Secondary education,9,Spouse present,*, Husband,*,Male,0,0,50,*,<=50K
529,"[0, 80[", Self-emp-not-inc,202692,Higher education,14,Spouse present,*, Husband,*,Male,0,0,40,*,<=50K
530,"[0, 80[", Private,109339,Secondary education,7,Spouse not present,*, Unmarried,*,Female,0,0,46,*,<=50K
531,"[0, 80[", Private,108658,Secondary education,9,Spouse not present,*, Not-in-family,*,Male,0,0,40,*,<=50K
532,"[0, 80[", Private,197202,Secondary education,9,Spouse present,*, Husband,*,Male,0,0,40,*,<=50K
534,"[0, 80[", Private,231559,Higher education,15,Spouse present,*, Husband,*,Male,20051,0,48,*,>50K
535,"[0, 80[", Local-gov,207853,Secondary education,8,Spouse present,*, Husband,*,Male,0,0,50,*,<=50K
537,"[0, 80[", Private,102345,Higher education,11,Spouse not present,*, Not-in-family,*,Male,0,0,40,*,<=50K
538,"[0, 80[", Self-emp-inc,41493,Higher education,13,Spouse not present,*, Not-in-family,*,Female,0,0,45,*,<=50K
539,"[0, 80[", ?,190027,Secondary education,9,Spouse not present,*, Unmarried,*,Female,0,0,40,*,<=50K
540,"[0, 80[", Private,210525,Higher education,10,Spouse present,*, Husband,*,Male,0,0,40,*,<=50K
541,"[0, 80[", Private,133937,Higher education,16,Spouse not present,*, Own-child,*,Male,0,0,40,*,<=50K
542,"[0, 80[", Private,237903,Higher education,10,Spouse not present,*, Unmarried,*,Female,0,0,40,*,<=50K
543,"[0, 80[", Private,163862,Secondary education,9,Spouse not present,*, Not-in-family,*,Male,0,0,40,*,<=50K
544,"[0, 80[", Private,201872,Higher education,10,Spouse present,*, Husband,*,Male,0,0,50,*,<=50K
545,"[0, 80[", Private,84179,Secondary education,9,Spouse not present,*, Not-in-family,*,Female,0,0,45,*,<=50K
546,"[0, 80[", Private,51662,Secondary education,6,Spouse present,*, Wife,*,Female,0,0,8,*,<=50K
547,"[0, 80[", Local-gov,233327,Higher education,10,Spouse present,*, Husband,*,Male,0,0,40,*,<=50K
548,"[0, 80[", Private,259510,Secondary education,9,Spouse not present,*, Own-child,*,Male,0,0,36,*,<=50K
549,"[0, 80[", Private,184831,Higher education,10,Spouse not present,*, Unmarried,*,Male,0,0,40,*,<=50K
550,"[0, 80[", Self-emp-not-inc,245724,Higher education,10,Spouse not present,*, Not-in-family,*,Male,0,0,50,*,<=50K
551,"[0, 80[", Self-emp-not-inc,27053,Secondary education,9,Spouse not present,*, Unmarried,*,Female,0,0,40,*,<=50K
552,"[0, 80[", Private,205343,Secondary education,7,Spouse not present,*, Unmarried,*,Female,0,0,40,*,<=50K
554,"[0, 80[", Federal-gov,319560,Higher education,11,Spouse not present,*, Unmarried,*,Female,0,0,40,*,>50K
555,"[0, 80[", Private,136218,Secondary education,7,Spouse not present,*, Not-in-family,*,Female,0,0,40,*,<=50K
556,"[0, 80[", Private,54576,Secondary education,9,Spouse present,*, Husband,*,Male,0,0,40,*,<=50K
557,"[0, 80[", Private,323069,Secondary education,9,Spouse not present,*, Unmarried,*,Female,0,0,20,*,<=50K
559,"[0, 80[", Private,152453,Secondary education,7,Spouse present,*, Husband,*,Male,0,0,40,*,<=50K
560,"[0, 80[", Private,114053,Higher education,13,Spouse not present,*, Not-in-family,*,Male,0,0,55,*,<=50K
561,"[0, 80[", Private,212960,Higher education,13,Spouse present,*, Husband,*,Male,0,0,35,*,>50K
562,"[0, 80[", Private,264052,Higher education,10,Spouse present,*, Husband,*,Male,0,0,50,*,>50K
563,"[0, 80[", Private,82804,Secondary education,9,Spouse not present,*, Unmarried,*,Female,0,0,40,*,<=50K
564,"[0, 80[", Self-emp-not-inc,334273,Higher education,13,Spouse present,*, Husband,*,Male,0,0,60,*,>50K
565,"[0, 80[", Private,27337,Secondary education,9,Spouse not present,*, Own-child,*,Male,0,0,48,*,<=50K
566,"[0, 80[", Self-emp-inc,188436,Higher education,14,Spouse present,*, Husband,*,Male,5013,0,45,*,<=50K
567,"[0, 80[", Private,433665,Secondary education,4,Spouse not present,*, Unmarried,*,Female,0,0,40,*,<=50K
568,"[0, 80[", Self-emp-not-inc,110663,Secondary education,9,Spouse not present,*, Not-in-family,*,Male,0,0,35,*,<=50K
569,"[0, 80[", Private,87490,Higher education,14,Spouse not present,*, Unmarried,*,Male,0,0,42,*,<=50K
570,"[0, 80[", Private,354351,Secondary education,9,Spouse not present,*, Own-child,*,Male,0,0,40,*,<=50K
571,"[0, 80[", Private,95469,Secondary education,9,Spouse present,*, Husband,*,Male,0,0,40,*,<=50K
572,"[0, 80[", Private,242718,Secondary education,7,Spouse not present,*, Own-child,*,Male,0,0,12,*,<=50K
573,"[0, 80[", Private,22463,Higher education,11,Spouse present,*, Husband,*,Male,0,1977,40,*,>50K
574,"[0, 80[", Private,158156,Higher education,16,Spouse not present,*, Not-in-family,*,Female,0,0,70,*,<=50K
575,"[0, 80[", Private,350162,Higher education,13,Spouse present,*, Wife,*,Male,0,0,40,*,>50K
576,"[0, 80[", ?,165532,Secondary education,8,Spouse not present,*, Own-child,*,Male,0,0,25,*,<=50K
577,"[0, 80[", Self-emp-not-inc,28738,Higher education,12,Spouse not present,*, Unmarried,*,Female,0,0,35,*,<=50K
578,"[0, 80[", Local-gov,283635,Higher education,13,Spouse not present,*, Not-in-family,*,Female,0,0,40,*,<=50K
579,"[0, 80[", Self-emp-not-inc,86646,Higher education,10,Spouse present,*, Husband,*,Male,0,0,45,*,<=50K
580,"[0, 80[", ?,195733,Higher education,10,Spouse present,*, Husband,*,Male,0,0,30,*,>50K
581,"[0, 80[", Private,69884,Secondary education,9,Spouse present,*, Husband,*,Male,0,0,40,*,>50K
582,"[0, 80[", Private,199713,Secondary education,9,Spouse present,*, Husband,*,Male,0,0,40,*,<=50K
583,"[0, 80[", Private,181659,Secondary education,9,Spouse present,*, Husband,*,Male,0,0,40,*,<=50K
584,"[0, 80[", Self-emp-not-inc,340939,Higher education,13,Spouse not present,*, Not-in-family,*,Male,0,0,40,*,<=50K
585,"[0, 80[", Private,197747,Higher education,10,Spouse not present,*, Own-child,*,Female,0,0,24,*,<=50K
586,"[0, 80[", Private,34292,Higher education,10,Spouse not present,*, Not-in-family,*,Male,0,0,60,*,<=50K
587,"[0, 80[", Private,156764,Secondary education,7,Spouse not present,*, Own-child,*,Male,0,0,40,*,<=50K
588,"[0, 80[", Private,25826,Secondary education,6,Spouse present,*, Husband,*,Male,0,1887,47,*,>50K
589,"[0, 80[", Self-emp-inc,103948,Higher education,13,Spouse not present,*, Not-in-family,*,Male,0,0,80,*,<=50K
590,"[0, 80[", ?,137390,Secondary education,9,Spouse present,*, Husband,*,Male,0,0,40,*,<=50K
591,"[0, 80[", ?,105138,Secondary education,9,Spouse present,*, Wife,*,Female,0,0,40,*,<=50K
592,"[0, 80[", Private,39352,Secondary education,4,Spouse not present,*, Not-in-family,*,Male,0,0,48,*,>50K
593,"[0, 80[", Private,168387,Higher education,13,Spouse present,*, Husband,*,Male,7688,0,40,*,>50K
594,"[0, 80[", Private,117789,Higher education,13,Spouse not present,*, Own-child,*,Female,0,0,40,*,<=50K
595,"[0, 80[", Private,267147,Secondary education,9,Spouse not present,*, Own-child,*,Male,0,0,40,*,<=50K
596,"[0, 80[", ?,99399,Higher education,10,Spouse not present,*, Unmarried,*,Female,0,0,25,*,<=50K
597,"[0, 80[", Self-emp-not-inc,214242,Higher education,15,Spouse present,*, Husband,*,Male,0,1902,50,*,>50K
598,"[0, 80[", Private,200408,Higher education,10,Spouse not present,*, Not-in-family,*,Male,2174,0,40,*,<=50K
599,"[0, 80[", Private,136455,Higher education,13,Spouse not present,*, Not-in-family,*,Female,0,0,45,*,<=50K
600,"[0, 80[", Private,239824,Higher education,13,Spouse not present,*, Not-in-family,*,Male,0,0,40,*,<=50K
601,"[0, 80[", Private,217039,Higher education,10,Spouse not present,*, Own-child,*,Male,0,0,28,*,<=50K
602,"[0, 80[", Private,51290,Secondary education,4,Spouse not present,*, Not-in-family,*,Female,0,0,40,*,<=50K
603,"[0, 80[", Local-gov,175674,Secondary education,5,Spouse present,*, Husband,*,Male,0,0,40,*,<=50K
604,"[0, 80[", Self-emp-not-inc,194404,Higher education,12,Spouse not present,*, Not-in-family,*,Male,0,0,40,*,<=50K
605,"[0, 80[", Private,45612,Secondary education,9,Spouse not present,*, Unmarried,*,Female,0,0,37,*,<=50K
606,"[0, 80[", Private,410114,Higher education,14,Spouse present,*, Husband,*,Male,0,0,40,*,>50K
607,"[0, 80[", Private,182521,Secondary education,9,Spouse not present,*, Not-in-family,*,Male,0,0,40,*,<=50K
608,"[0, 80[", Local-gov,339772,Secondary education,9,Spouse not present,*, Not-in-family,*,Male,0,0,40,*,<=50K
609,"[0, 80[", Private,169658,Secondary education,6,Spouse not present,*, Own-child,*,Female,0,0,21,*,<=50K
610,"[0, 80[", Private,200853,Higher education,14,Spouse not present,*, Not-in-family,*,Female,6849,0,60,*,<=50K
611,"[0, 80[", Private,247564,Secondary education,9,Spouse not present,*, Not-in-family,*,Male,0,0,40,*,<=50K
612,"[0, 80[", Private,249909,Secondary education,9,Spouse present,*, Husband,*,Male,0,0,50,*,<=50K
613,"[0, 80[", Local-gov,208122,Higher education,13,Spouse not present,*, Own-child,*,Male,1055,0,40,*,<=50K
614,"[0, 80[", Private,109881,Higher education,13,Spouse not present,*, Own-child,*,Female,0,0,20,*,<=50K
615,"[0, 80[", Private,207824,Secondary education,9,Spouse not present,*, Own-child,*,Male,0,0,60,*,<=50K
616,"[0, 80[", Private,369027,Secondary education,9,Spouse present,*, Husband,*,Male,0,0,45,*,<=50K
617,"[0, 80[", Self-emp-not-inc,114117,Secondary education,9,Spouse present,*, Husband,*,Male,0,0,32,*,<=50K
618,"[0, 80[", Self-emp-inc,51048,Higher education,13,Spouse present,*, Husband,*,Male,0,0,55,*,<=50K
619,"[0, 80[", Private,102388,Higher education,15,Spouse present,*, Husband,*,Male,15024,0,45,*,>50K
620,"[0, 80[", Private,190483,Higher education,13,Spouse not present,*, Own-child,*,Female,0,0,20,*,<=50K
621,"[0, 80[", Private,462440,Secondary education,7,Spouse not present,*, Not-in-family,*,Female,0,0,20,*,<=50K
622,"[0, 80[", Private,109351,Secondary education,5,Spouse not present,*, Unmarried,*,Female,0,0,24,*,<=50K
623,"[0, 80[", Private,34383,Higher education,11,Spouse present,*, Husband,*,Male,0,0,55,*,<=50K
625,"[0, 80[", Private,124187,Secondary education,9,Spouse not present,*, Own-child,*,Male,0,0,60,*,<=50K
626,"[0, 80[", Private,153614,Secondary education,9,Spouse present,*, Husband,*,Male,0,0,45,*,>50K
627,"[0, 80[", Self-emp-not-inc,267556,Secondary education,9,Spouse present,*, Husband,*,Male,0,0,64,*,<=50K
628,"[0, 80[", Private,205469,Higher education,10,Spouse present,*, Husband,*,Male,0,0,40,*,>50K
629,"[0, 80[", Private,268090,Higher education,13,Spouse present,*, Husband,*,Male,0,0,26,*,>50K
630,"[0, 80[", Self-emp-not-inc,165039,Higher education,10,Spouse not present,*, Unmarried,*,Female,0,0,40,*,<=50K
631,"[0, 80[", Local-gov,120451,Secondary education,6,Spouse not present,*, Unmarried,*,Female,0,0,40,*,<=50K
632,"[0, 80[", Private,154374,Higher education,10,Spouse present,*, Husband,*,Male,15024,0,60,*,>50K
633,"[0, 80[", Private,103649,Higher education,13,Spouse present,*, Wife,*,Female,0,0,40,*,>50K
634,"[0, 80[", Self-emp-not-inc,35723,Secondary education,9,Spouse present,*, Husband,*,Male,0,0,60,*,<=50K
635,"[0, 80[", Private,262601,Secondary education,9,Spouse not present,*, Own-child,*,Female,0,0,14,*,<=50K
636,"[0, 80[", Private,226181,Higher education,13,Spouse not present,*, Not-in-family,*,Male,0,0,40,*,<=50K
637,"[0, 80[", Private,175697,Higher education,13,Spouse present,*, Husband,*,Male,15024,0,60,*,>50K
639,"[0, 80[", Self-emp-not-inc,289436,Higher education,16,Spouse present,*, Husband,*,Male,0,0,60,*,>50K
640,"[0, 80[", Private,75654,Secondary education,9,Spouse not present,*, Not-in-family,*,Male,0,0,55,*,<=50K
641,"[0, 80[", Private,199378,Secondary education,9,Spouse present,*, Husband,*,Male,0,0,40,*,<=50K
642,"[0, 80[", Private,160968,Higher education,10,Spouse not present,*, Own-child,*,Male,0,0,40,*,<=50K
643,"[0, 80[", Private,188563,Higher education,10,Spouse present,*, Husband,*,Male,5178,0,50,*,>50K
644,"[0, 80[", Private,55849,Higher education,10,Spouse present,*, Husband,*,Male,0,0,45,*,<=50K
645,"[0, 80[", Self-emp-inc,195322,Higher education,16,Spouse not present,*, Not-in-family,*,Male,0,0,40,*,>50K
646,"[0, 80[", Local-gov,402089,Secondary education,9,Spouse not present,*, Unmarried,*,Female,0,0,40,*,<=50K
647,"[0, 80[", Private,78277,Secondary education,9,Spouse present,*, Husband,*,Male,0,0,15,*,<=50K
648,"[0, 80[", ?,158611,Secondary education,9,Spouse present,*, Husband,*,Male,0,0,50,*,<=50K
649,"[0, 80[", State-gov,169496,Higher education,13,Spouse present,*, Husband,*,Male,0,0,40,*,>50K
650,"[0, 80[", Private,130959,Higher education,10,Spouse not present,*, Own-child,*,Male,0,0,20,*,<=50K
651,"[0, 80[", Private,556660,Secondary education,9,Spouse not present,*, Other-relative,*,Male,4101,0,50,*,<=50K
652,"[0, 80[", Private,292472,Higher education,16,Spouse present,*, Husband,*,Male,0,0,40,*,>50K
653,"[0, 80[", State-gov,143774,Higher education,10,Spouse not present,*, Not-in-family,*,Female,0,0,45,*,<=50K
654,"[0, 80[", Private,288341,Secondary education,9,Spouse not present,*, Own-child,*,Female,0,0,32,*,<=50K
655,"[0, 80[", State-gov,71592,Higher education,10,Spouse not present,*, Unmarried,*,Female,0,0,40,*,<=50K
656,"[0, 80[", ?,167358,Secondary education,5,Spouse not present,*, Unmarried,*,Female,1111,0,15,*,<=50K
657,"[0, 80[", Private,106742,Secondary education,9,Spouse present,*, Husband,*,Male,0,0,45,*,<=50K
658,"[0, 80[", Private,219288,Secondary education,4,Spouse present,*, Husband,*,Male,0,0,35,*,<=50K
659,"[0, 80[", Private,174524,Secondary education,9,Spouse present,*, Husband,*,Male,0,0,40,*,>50K
660,"[0, 80[", Self-emp-not-inc,335183,Secondary education,8,Spouse present,*, Husband,*,Male,0,0,40,*,>50K
661,"[0, 80[", Private,261293,Higher education,14,Spouse not present,*, Not-in-family,*,Male,0,0,60,*,<=50K
662,"[0, 80[", Private,111900,Higher education,10,Spouse not present,*, Not-in-family,*,Male,0,0,40,*,<=50K
663,"[0, 80[", Local-gov,194360,Higher education,14,Spouse not present,*, Not-in-family,*,Male,0,0,38,*,<=50K
664,"[0, 80[", Private,81145,Higher education,10,Spouse not present,*, Not-in-family,*,Female,0,0,25,*,<=50K
665,"[0, 80[", Private,341204,Higher education,12,Spouse not present,*, Unmarried,*,Female,8614,0,40,*,>50K
666,"[0, 80[", State-gov,249362,Higher education,10,Spouse present,*, Husband,*,Male,3411,0,40,*,<=50K
667,"[0, 80[", Private,247019,Secondary education,9,Spouse present,*, Husband,*,Male,0,0,40,*,>50K
668,"[0, 80[", ?,114746,Secondary education,7,Spouse not present,*, Own-child,*,Female,0,1762,40,*,<=50K
669,"[0, 80[", Private,172146,Secondary education,5,Spouse not present,*, Not-in-family,*,Male,0,1721,40,*,<=50K
670,"[0, 80[", Federal-gov,110457,Higher education,10,Spouse not present,*, Not-in-family,*,Male,0,0,40,*,<=50K
671,"[0, 80[", ?,80077,Secondary education,7,Spouse not present,*, Own-child,*,Female,0,0,20,*,<=50K
672,"[0, 80[", Self-emp-not-inc,368700,Secondary education,7,Spouse not present,*, Own-child,*,Male,0,0,10,*,<=50K
673,"[0, 80[", Private,182556,Higher education,13,Spouse present,*, Husband,*,Male,0,0,40,*,>50K
674,"[0, 80[", Self-emp-inc,219420,Secondary education,9,Spouse present,*, Husband,*,Male,0,0,50,*,>50K
675,"[0, 80[", Private,240817,Secondary education,9,Spouse not present,*, Own-child,*,Female,2597,0,40,*,<=50K
676,"[0, 80[", Private,102726,Secondary education,8,Spouse not present,*, Own-child,*,Male,0,0,16,*,<=50K
677,"[0, 80[", Private,226267,Higher education,10,Spouse present,*, Husband,*,Male,0,0,40,*,<=50K
678,"[0, 80[", Private,125457,Secondary education,9,Spouse not present,*, Not-in-family,*,Male,0,0,45,*,<=50K
680,"[0, 80[", Local-gov,92262,Secondary education,9,Spouse not present,*, Own-child,*,Male,0,0,48,*,<=50K
681,"[0, 80[", Private,161141,Higher education,11,Spouse present,*, Husband,*,Male,0,0,40,*,>50K
682,"[0, 80[", Self-emp-not-inc,190290,Secondary education,9,Spouse present,*, Husband,*,Male,0,0,40,*,>50K
683,"[0, 80[", Local-gov,430828,Higher education,10,Spouse not present,*, Unmarried,*,Male,0,0,40,*,<=50K
684,"[0, 80[", State-gov,59342,Secondary education,7,Spouse not present,*, Own-child,*,Female,0,0,5,*,<=50K
685,"[0, 80[", Private,136721,Secondary education,9,Spouse not present,*, Not-in-family,*,Female,0,0,40,*,<=50K
686,"[0, 80[", ?,149422,Secondary education,4,Spouse not present,*, Not-in-family,*,Male,0,0,4,*,<=50K
687,"[0, 80[", Local-gov,86644,Higher education,13,Spouse present,*, Wife,*,Female,0,0,55,*,<=50K
688,"[0, 80[", Private,195124,Higher education,14,Spouse not present,*, Not-in-family,*,Male,0,0,35,*,<=50K
689,"[0, 80[", Private,167350,Secondary education,9,Spouse not present,*, Other-relative,*,Male,0,0,30,*,<=50K
690,"[0, 80[", Local-gov,113000,Higher education,10,Spouse present,*, Husband,*,Male,0,0,40,*,<=50K
691,"[0, 80[", Private,140027,Higher education,10,Spouse not present,*, Own-child,*,Female,0,0,45,*,<=50K
692,"[0, 80[", Private,262425,Higher education,10,Spouse present,*, Husband,*,Male,0,0,50,*,<=50K
693,"[0, 80[", Private,316702,Higher education,10,Spouse not present,*, Own-child,*,Male,0,0,20,*,<=50K
694,"[0, 80[", State-gov,335453,Higher education,13,Spouse not present,*, Not-in-family,*,Female,0,0,20,*,<=50K
695,"[0, 80[", ?,202480,Higher education,12,Spouse not present,*, Other-relative,*,Male,0,0,45,*,<=50K
696,"[0, 80[", Private,203628,Higher education,14,Spouse not present,*, Not-in-family,*,Male,0,0,60,*,>50K
697,"[0, 80[", Private,118710,Higher education,14,Spouse present,*, Husband,*,Male,0,1902,40,*,>50K
698,"[0, 80[", Private,189620,Higher education,13,Spouse not present,*, Own-child,*,Female,0,0,40,*,<=50K
699,"[0, 80[", Private,475028,Secondary education,9,Spouse not present,*, Own-child,*,Female,0,0,20,*,<=50K
700,"[0, 80[", Local-gov,110866,Higher education,13,Spouse not present,*, Not-in-family,*,Male,0,0,50,*,<=50K
701,"[0, 80[", Private,243605,Higher education,13,Spouse not present,*, Unmarried,*,Female,0,1380,40,*,<=50K
702,"[0, 80[", Private,163870,Higher education,10,Spouse not present,*, Own-child,*,Male,0,0,30,*,<=50K
703,"[0, 80[", Self-emp-not-inc,80145,Higher education,10,Spouse present,*, Husband,*,Male,0,0,40,*,<=50K
704,"[0, 80[", Private,295566,Higher education,16,Spouse not present,*, Unmarried,*,Female,25236,0,65,*,>50K
705,"[0, 80[", Private,63042,Higher education,13,Spouse not present,*, Own-child,*,Female,0,0,50,*,>50K
706,"[0, 80[", Private,229148,Secondary education,8,Spouse present,*, Husband,*,Male,0,0,40,*,<=50K
707,"[0, 80[", Private,242552,Higher education,10,Spouse not present,*, Not-in-family,*,Male,0,0,40,*,<=50K
708,"[0, 80[", Private,177665,Secondary education,9,Spouse present,*, Husband,*,Male,0,0,35,*,<=50K
709,"[0, 80[", Private,208103,Secondary education,7,Spouse not present,*, Other-relative,*,Male,0,0,25,*,<=50K
710,"[0, 80[", Private,296450,Higher education,13,Spouse present,*, Husband,*,Male,0,0,40,*,<=50K
711,"[0, 80[", Private,70282,Higher education,10,Spouse not present,*, Unmarried,*,Female,0,0,40,*,<=50K
712,"[0, 80[", Private,271767,Higher education,13,Spouse not present,*, Not-in-family,*,Male,0,0,40,*,<=50K
713,"[0, 80[", Private,144995,Higher education,11,Spouse present,*, Husband,*,Male,4386,0,40,*,<=50K
714,"[0, 80[", Local-gov,382635,Higher education,13,Spouse not present,*, Unmarried,*,Female,0,0,35,*,<=50K
715,"[0, 80[", Private,295697,Secondary education,9,Spouse not present,*, Unmarried,*,Female,0,0,40,*,<=50K
716,"[0, 80[", Private,194141,Secondary education,9,Spouse present,*, Husband,*,Male,0,0,40,*,<=50K
717,"[0, 80[", State-gov,378418,Secondary education,9,Spouse not present,*, Own-child,*,Female,0,0,40,*,<=50K
718,"[0, 80[", Private,214399,Higher education,10,Spouse not present,*, Own-child,*,Female,0,0,15,*,<=50K
719,"[0, 80[", Private,217460,Higher education,13,Spouse present,*, Husband,*,Male,0,0,45,*,>50K
720,"[0, 80[", Private,182556,Secondary education,9,Spouse not present,*, Not-in-family,*,Male,0,0,40,*,<=50K
721,"[0, 80[", Private,125831,Secondary education,9,Spouse present,*, Husband,*,Male,0,2051,60,*,<=50K
722,"[0, 80[", Private,271328,Higher education,13,Spouse not present,*, Not-in-family,*,Male,4650,0,40,*,<=50K
723,"[0, 80[", Local-gov,50459,Secondary education,9,Spouse present,*, Husband,*,Male,0,0,42,*,>50K
724,"[0, 80[", Private,162140,Higher education,13,Spouse present,*, Husband,*,Male,7298,0,45,*,>50K
725,"[0, 80[", Private,177937,Higher education,13,Spouse not present,*, Not-in-family,*,Male,0,0,40,*,>50K
727,"[0, 80[", Private,299047,Higher education,10,Spouse not present,*, Not-in-family,*,Female,0,0,20,*,<=50K
728,"[0, 80[", Private,223212,Secondary education,9,Spouse present,*, Husband,*,Male,0,0,40,*,<=50K
729,"[0, 80[", Self-emp-not-inc,118474,Secondary education,7,Spouse present,*, Husband,*,Male,9386,0,59,*,>50K
730,"[0, 80[", Private,352139,Higher education,10,Spouse not present,*, Not-in-family,*,Female,0,0,24,*,<=50K
731,"[0, 80[", Private,173093,Higher education,10,Spouse not present,*, Not-in-family,*,Female,0,0,40,*,<=50K
732,"[0, 80[", Private,181655,Higher education,11,Spouse present,*, Husband,*,Male,0,2377,45,*,<=50K
733,"[0, 80[", Private,332702,Higher education,11,Spouse not present,*, Own-child,*,Female,0,0,15,*,<=50K
735,"[0, 80[", Private,234901,Higher education,10,Spouse present,*, Husband,*,Male,2407,0,40,*,<=50K
736,"[0, 80[", Private,131414,Higher education,10,Spouse not present,*, Not-in-family,*,Female,0,0,36,*,<=50K
737,"[0, 80[", State-gov,260960,Higher education,13,Spouse present,*, Husband,*,Male,0,0,50,*,<=50K
738,"[0, 80[", Private,156052,Secondary education,9,Spouse not present,*, Unmarried,*,Female,594,0,20,*,<=50K
739,"[0, 80[", Private,279914,Higher education,13,Spouse present,*, Husband,*,Male,0,0,40,*,>50K
740,"[0, 80[", Private,192453,Higher education,10,Spouse not present,*, Other-relative,*,Female,0,0,25,*,<=50K
741,"[0, 80[", Self-emp-not-inc,200939,Secondary education,9,Spouse present,*, Husband,*,Male,0,0,72,*,<=50K
742,"[0, 80[", Private,151408,Higher education,14,Spouse not present,*, Not-in-family,*,Female,14084,0,50,*,>50K
743,"[0, 80[", Private,112847,Higher education,11,Spouse not present,*, Own-child,*,Male,0,0,40,*,<=50K
744,"[0, 80[", Private,316929,Secondary education,8,Spouse not present,*, Own-child,*,Male,0,0,20,*,<=50K
745,"[0, 80[", Local-gov,126319,Higher education,13,Spouse present,*, Wife,*,Female,0,0,40,*,>50K
746,"[0, 80[", Private,197422,Secondary education,9,Spouse present,*, Husband,*,Male,7688,0,40,*,>50K
747,"[0, 80[", Private,267736,Higher education,10,Spouse not present,*, Own-child,*,Female,0,0,40,*,<=50K
748,"[0, 80[", Private,267034,Secondary education,7,Spouse not present,*, Own-child,*,Male,0,0,40,*,<=50K
749,"[0, 80[", State-gov,193047,Higher education,13,Spouse present,*, Husband,*,Male,0,0,37,*,<=50K
750,"[0, 80[", State-gov,356089,Higher education,13,Spouse present,*, Husband,*,Male,7688,0,40,*,>50K
751,"[0, 80[", Private,223515,Higher education,13,Spouse not present,*, Unmarried,*,Male,0,0,20,*,<=50K
752,"[0, 80[", Self-emp-not-inc,87510,Secondary education,6,Spouse present,*, Husband,*,Male,0,0,40,*,<=50K
753,"[0, 80[", Private,145111,Secondary education,9,Spouse not present,*, Unmarried,*,Male,0,0,50,*,<=50K
754,"[0, 80[", Private,48093,Secondary education,9,Spouse not present,*, Not-in-family,*,Male,0,0,40,*,<=50K
755,"[0, 80[", Private,31757,Higher education,11,Spouse not present,*, Own-child,*,Male,0,0,38,*,<=50K
756,"[0, 80[", Private,285854,Secondary education,9,Spouse present,*, Husband,*,Male,0,0,40,*,>50K
757,"[0, 80[", Local-gov,120064,Higher education,13,Spouse not present,*, Not-in-family,*,Female,0,0,45,*,<=50K
758,"[0, 80[", Federal-gov,167381,Secondary education,9,Spouse present,*, Wife,*,Female,0,0,40,*,>50K
759,"[0, 80[", Private,103408,Secondary education,9,Spouse not present,*, Not-in-family,*,Male,0,0,40,*,<=50K
760,"[0, 80[", Private,101460,Secondary education,9,Spouse not present,*, Not-in-family,*,Female,0,0,18,*,<=50K
761,"[0, 80[", Local-gov,420537,Secondary education,9,Spouse present,*, Wife,*,Female,0,0,38,*,>50K
762,"[0, 80[", Local-gov,119411,Secondary education,9,Spouse not present,*, Unmarried,*,Male,0,0,40,*,<=50K
763,"[0, 80[", Self-emp-inc,128272,Higher education,16,Spouse present,*, Husband,*,Male,0,0,70,*,>50K
764,"[0, 80[", Private,386773,Higher education,13,Spouse not present,*, Not-in-family,*,Male,0,0,55,*,>50K
765,"[0, 80[", Private,283268,Secondary education,6,Spouse not present,*, Unmarried,*,Female,0,0,42,*,<=50K
766,"[0, 80[", State-gov,301526,Higher education,10,Spouse not present,*, Other-relative,*,Male,0,0,40,*,<=50K
767,"[0, 80[", Private,151790,Higher education,10,Spouse present,*, Wife,*,Female,0,0,30,*,<=50K
768,"[0, 80[", Self-emp-not-inc,106252,Higher education,13,Spouse not present,*, Not-in-family,*,Female,0,0,50,*,<=50K
769,"[0, 80[", Private,188557,Secondary education,9,Spouse not present,*, Not-in-family,*,Male,0,0,40,*,<=50K
770,"[0, 80[", Private,171114,Higher education,10,Spouse not present,*, Not-in-family,*,Female,0,0,38,*,<=50K
772,"[0, 80[", Private,244147,Secondary education,9,Spouse not present,*, Unmarried,*,Male,0,0,55,*,<=50K
773,"[0, 80[", Private,280282,Higher education,11,Spouse present,*, Wife,*,Female,0,0,24,*,>50K
775,"[0, 80[", Local-gov,282579,Higher education,11,Spouse not present,*, Not-in-family,*,Male,0,0,56,*,<=50K
776,"[0, 80[", Private,51838,Higher education,10,Spouse not present,*, Unmarried,*,Female,0,0,40,*,<=50K
777,"[0, 80[", Private,73585,Higher education,14,Spouse present,*, Husband,*,Male,0,0,40,*,<=50K
778,"[0, 80[", Private,226902,Higher education,13,Spouse present,*, Husband,*,Male,0,0,50,*,>50K
779,"[0, 80[", Private,279129,Higher education,10,Spouse not present,*, Not-in-family,*,Male,0,0,40,*,<=50K
780,"[0, 80[", State-gov,146908,Higher education,10,Spouse present,*, Husband,*,Male,0,0,40,*,<=50K
781,"[0, 80[", Private,196690,Higher education,11,Spouse not present,*, Not-in-family,*,Female,0,1669,42,*,<=50K
782,"[0, 80[", Private,130760,Higher education,11,Spouse present,*, Husband,*,Male,0,0,50,*,>50K
783,"[0, 80[", Self-emp-not-inc,49572,Higher education,10,Spouse present,*, Husband,*,Male,0,0,60,*,<=50K
784,"[0, 80[", Private,237601,Higher education,13,Spouse not present,*, Not-in-family,*,Female,0,0,55,*,>50K
785,"[0, 80[", Private,169628,Higher education,10,Spouse not present,*, Not-in-family,*,Female,0,0,38,*,<=50K
786,"[0, 80[", Self-emp-not-inc,36671,Secondary education,9,Spouse present,*, Husband,*,Male,0,2352,50,*,<=50K
787,"[0, 80[", Private,231193,Secondary education,8,Spouse not present,*, Own-child,*,Male,0,0,30,*,<=50K
788,"[0, 80[", ?,192130,Secondary education,9,Spouse present,*, Husband,*,Male,0,0,16,*,<=50K
789,"[0, 80[", ?,149704,Secondary education,9,Spouse not present,*, Not-in-family,*,Female,1055,0,40,*,<=50K
790,"[0, 80[", Private,102102,Higher education,11,Spouse present,*, Husband,*,Male,0,0,50,*,>50K
791,"[0, 80[", Self-emp-inc,32185,Higher education,13,Spouse present,*, Husband,*,Male,0,0,40,*,<=50K
792,"[0, 80[", ?,196061,Higher education,10,Spouse not present,*, Own-child,*,Male,0,0,33,*,<=50K
793,"[0, 80[", Private,211046,Secondary education,9,Spouse not present,*, Not-in-family,*,Female,2463,0,40,*,<=50K
794,"[0, 80[", Private,31577,Secondary education,9,Spouse present,*, Husband,*,Male,0,0,60,*,>50K
795,"[0, 80[", Private,162343,Higher education,10,Spouse not present,*, Other-relative,*,Male,0,0,20,*,<=50K
796,"[0, 80[", Private,128831,Secondary education,9,Spouse present,*, Husband,*,Male,0,0,40,*,<=50K
797,"[0, 80[", Private,316688,Secondary education,9,Spouse not present,*, Not-in-family,*,Male,0,0,40,*,<=50K
798,"[0, 80[", Private,90758,Higher education,14,Spouse not present,*, Not-in-family,*,Male,0,0,35,*,>50K
799,"[0, 80[", Private,274363,Higher education,13,Spouse present,*, Husband,*,Male,0,1902,40,*,>50K
800,"[0, 80[", Private,154538,Higher education,12,Spouse not present,*, Not-in-family,*,Male,0,0,40,*,<=50K
801,"[0, 80[", Private,106085,Secondary education,9,Spouse not present,*, Own-child,*,Male,0,1721,30,*,<=50K
802,"[0, 80[", Self-emp-not-inc,315859,Secondary education,7,Spouse not present,*, Unmarried,*,Male,0,0,20,*,<=50K
803,"[0, 80[", Private,51471,Secondary education,9,Spouse not present,*, Unmarried,*,Female,0,0,38,*,<=50K
804,"[0, 80[", Private,193830,Secondary education,7,Spouse not present,*, Own-child,*,Female,0,0,20,*,<=50K
805,"[0, 80[", Private,231043,Secondary education,9,Spouse present,*, Husband,*,Male,5178,0,48,*,>50K
806,"[0, 80[", ?,23780,Higher education,14,Spouse not present,*, Other-relative,*,Male,0,0,40,*,<=50K
807,"[0, 80[", Private,169879,Higher education,13,Spouse present,*, Husband,*,Male,3103,0,47,*,>50K
808,"[0, 80[", Private,270333,Higher education,13,Spouse present,*, Husband,*,Male,0,0,40,*,>50K
809,"[0, 80[", Private,138768,Secondary education,9,Spouse not present,*, Own-child,*,Male,0,0,30,*,<=50K
810,"[0, 80[", Private,191571,Secondary education,9,Spouse not present,*, Own-child,*,Female,0,0,36,*,<=50K
811,"[0, 80[", ?,219941,Higher education,10,Spouse not present,*, Own-child,*,Male,0,0,40,*,<=50K
812,"[0, 80[", Private,94113,Higher education,10,Spouse not present,*, Not-in-family,*,Male,0,0,45,*,<=50K
813,"[0, 80[", Private,137510,Higher education,10,Spouse not present,*, Own-child,*,Male,0,0,40,*,<=50K
814,"[0, 80[", Private,32607,Secondary education,6,Spouse not present,*, Own-child,*,Male,0,0,20,*,<=50K
815,"[0, 80[", Self-emp-not-inc,93208,Secondary education,9,Spouse present,*, Wife,*,Female,0,0,75,*,<=50K
816,"[0, 80[", Private,254440,Higher education,11,Spouse not present,*, Not-in-family,*,Female,0,0,60,*,<=50K
817,"[0, 80[", Private,186556,Higher education,10,Spouse present,*, Husband,*,Male,0,0,50,*,>50K
818,"[0, 80[", Private,169871,Secondary education,9,Spouse present,*, Husband,*,Male,0,0,45,*,<=50K
819,"[0, 80[", Private,191277,Secondary education,9,Spouse present,*, Husband,*,Male,0,0,50,*,>50K
820,"[0, 80[", Private,167159,Higher education,11,Spouse not present,*, Unmarried,*,Male,0,0,40,*,<=50K
821,"[0, 80[", Private,171871,Higher education,14,Spouse not present,*, Not-in-family,*,Female,0,0,46,*,<=50K
822,"[0, 80[", Private,154411,Higher education,11,Spouse not present,*, Own-child,*,Male,0,0,40,*,<=50K
823,"[0, 80[", Private,129227,Secondary education,9,Spouse not present,*, Not-in-family,*,Female,0,0,40,*,<=50K
824,"[0, 80[", Private,110331,Secondary education,9,Spouse present,*, Husband,*,Male,0,1672,60,*,<=50K
825,"[0, 80[", Private,34269,Secondary education,9,Spouse not present,*, Unmarried,*,Male,0,653,42,*,>50K
826,"[0, 80[", Private,174355,Secondary education,9,Spouse not present,*, Not-in-family,*,Female,0,0,40,*,<=50K
827,"[0, 80[", Private,680390,Secondary education,9,Spouse not present,*, Unmarried,*,Female,0,0,24,*,<=50K
828,"[0, 80[", Private,233130,Higher education,10,Spouse not present,*, Not-in-family,*,Male,0,0,25,*,<=50K
829,"[0, 80[", Self-emp-inc,165474,Higher education,13,Spouse not present,*, Own-child,*,Male,0,0,40,*,<=50K
830,"[0, 80[", ?,257780,Secondary education,7,Spouse present,*, Husband,*,Male,0,0,15,*,<=50K
832,"[0, 80[", Private,280093,Higher education,10,Spouse not present,*, Own-child,*,Male,0,0,40,*,<=50K
833,"[0, 80[", Self-emp-not-inc,177387,Secondary education,9,Spouse present,*, Husband,*,Male,0,0,40,*,<=50K
834,"[0, 80[", ?,28929,Secondary education,7,Spouse not present,*, Not-in-family,*,Female,0,0,24,*,<=50K
835,"[0, 80[", Private,105304,Secondary education,9,Spouse present,*, Husband,*,Male,0,0,40,*,<=50K
836,"[0, 80[", Private,499233,Secondary education,9,Spouse not present,*, Not-in-family,*,Male,0,0,40,*,<=50K
837,"[0, 80[", Private,180572,Higher education,13,Spouse not present,*, Not-in-family,*,Female,0,0,50,*,>50K
838,"[0, 80[", Private,321435,Higher education,13,Spouse not present,*, Not-in-family,*,Male,0,0,50,*,<=50K
839,"[0, 80[", Private,86108,Secondary education,9,Spouse not present,*, Not-in-family,*,Male,0,0,6,*,<=50K
840,"[0, 80[", Private,198124,Secondary education,7,Spouse not present,*, Own-child,*,Male,0,0,20,*,<=50K
841,"[0, 80[", Private,135162,Higher education,10,Spouse present,*, Husband,*,Male,0,0,50,*,<=50K
842,"[0, 80[", Private,146813,Higher education,10,Spouse present,*, Husband,*,Male,0,0,40,*,>50K
843,"[0, 80[", Local-gov,291175,Higher education,13,Spouse not present,*, Not-in-family,*,Female,0,0,48,*,<=50K
844,"[0, 80[", Private,387569,Secondary education,9,Spouse present,*, Husband,*,Male,4386,0,40,*,>50K
845,"[0, 80[", Private,102895,Higher education,10,Spouse not present,*, Not-in-family,*,Male,0,0,40,*,<=50K
846,"[0, 80[", Local-gov,33274,Secondary education,9,Spouse not present,*, Not-in-family,*,Female,0,0,50,*,<=50K
847,"[0, 80[", Private,86551,Higher education,13,Spouse present,*, Husband,*,Male,0,0,45,*,>50K
848,"[0, 80[", Private,138192,Higher education,13,Spouse present,*, Husband,*,Male,0,0,40,*,<=50K
849,"[0, 80[", Private,118966,Secondary education,9,Spouse not present,*, Own-child,*,Male,0,0,18,*,<=50K
850,"[0, 80[", Private,99784,Higher education,14,Spouse not present,*, Not-in-family,*,Female,0,0,40,*,>50K
851,"[0, 80[", Private,90980,Higher education,11,Spouse not present,*, Not-in-family,*,Female,0,0,55,*,<=50K
852,"[0, 80[", Self-emp-not-inc,177407,Secondary education,9,Spouse present,*, Husband,*,Male,0,0,50,*,<=50K
853,"[0, 80[", Private,96467,Higher education,13,Spouse not present,*, Not-in-family,*,Female,0,0,40,*,<=50K
854,"[0, 80[", State-gov,327886,Higher education,16,Spouse not present,*, Own-child,*,Male,0,0,50,*,>50K
855,"[0, 80[", Private,111567,Secondary education,9,Spouse not present,*, Own-child,*,Male,0,0,40,*,<=50K
856,"[0, 80[", Local-gov,166545,Secondary education,9,Spouse not present,*, Own-child,*,Female,0,0,40,*,<=50K
857,"[0, 80[", Private,142182,Secondary education,9,Spouse present,*, Husband,*,Male,0,0,40,*,>50K
858,"[0, 80[", Private,188798,Higher education,13,Spouse not present,*, Own-child,*,Female,0,0,40,*,<=50K
859,"[0, 80[", Private,38563,Higher education,13,Spouse not present,*, Not-in-family,*,Female,0,0,56,*,>50K
860,"[0, 80[", Private,216284,Secondary education,7,Spouse not present,*, Own-child,*,Female,0,0,20,*,<=50K
861,"[0, 80[", Private,191547,Secondary education,9,Spouse present,*, Husband,*,Male,0,0,40,*,<=50K
862,"[0, 80[", Private,285335,Secondary education,7,Spouse present,*, Husband,*,Male,0,0,50,*,<=50K
863,"[0, 80[", Self-emp-inc,142712,Higher education,10,Spouse present,*, Husband,*,Male,0,0,70,*,<=50K
864,"[0, 80[", Private,80945,Secondary education,9,Spouse present,*, Husband,*,Male,0,0,40,*,<=50K
865,"[0, 80[", Private,309055,Higher education,10,Spouse not present,*, Not-in-family,*,Female,0,0,15,*,<=50K
866,"[0, 80[", Private,62339,Secondary education,6,Spouse not present,*, Not-in-family,*,Male,0,0,40,*,<=50K
867,"[0, 80[", Private,368700,Secondary education,7,Spouse not present,*, Own-child,*,Male,0,0,28,*,<=50K
868,"[0, 80[", Private,176186,Higher education,10,Spouse present,*, Husband,*,Male,0,0,50,*,>50K
869,"[0, 80[", Self-emp-not-inc,266855,Higher education,13,Spouse not present,*, Own-child,*,Male,0,0,40,*,<=50K
870,"[0, 80[", Private,48087,Higher education,13,Spouse present,*, Husband,*,Male,0,0,40,*,>50K
871,"[0, 80[", Private,121313,Higher education,10,Spouse not present,*, Own-child,*,Male,0,0,50,*,<=50K
872,"[0, 80[", Self-emp-not-inc,143437,Higher education,14,Spouse present,*, Husband,*,Male,10605,0,40,*,>50K
873,"[0, 80[", Self-emp-not-inc,160724,Higher education,13,Spouse present,*, Husband,*,Male,0,2415,40,*,>50K
875,"[0, 80[", Private,194636,Higher education,13,Spouse present,*, Husband,*,Male,0,0,60,*,>50K
876,"[0, 80[", Private,153044,Secondary education,9,Spouse not present,*, Unmarried,*,Female,0,0,7,*,<=50K
877,"[0, 80[", Private,411797,Higher education,11,Spouse not present,*, Unmarried,*,Female,0,0,40,*,<=50K
878,"[0, 80[", Private,117683,Secondary education,9,Spouse present,*, Husband,*,Male,0,0,40,*,>50K
879,"[0, 80[", Private,376540,Secondary education,9,Spouse not present,*, Not-in-family,*,Female,0,0,30,*,<=50K
880,"[0, 80[", Private,72393,Secondary education,5,Spouse not present,*, Not-in-family,*,Female,0,0,40,*,<=50K
881,"[0, 80[", Private,270335,Higher education,13,Spouse present,*, Other-relative,*,Male,0,0,40,*,>50K
882,"[0, 80[", Private,96226,Secondary education,9,Spouse present,*, Husband,*,Male,0,0,70,*,<=50K
883,"[0, 80[", Private,95336,Higher education,13,Spouse present,*, Husband,*,Male,0,0,50,*,>50K
884,"[0, 80[", Private,258498,Higher education,10,Spouse present,*, Wife,*,Female,0,0,60,*,<=50K
885,"[0, 80[", ?,149698,Higher education,10,Spouse present,*, Husband,*,Male,0,0,15,*,<=50K
886,"[0, 80[", Private,205865,Higher education,13,Spouse not present,*, Own-child,*,Male,0,0,28,*,<=50K
887,"[0, 80[", Self-emp-inc,155781,Higher education,10,Spouse present,*, Husband,*,Male,0,0,60,*,<=50K
888,"[0, 80[", Self-emp-not-inc,406468,Secondary education,9,Spouse present,*, Husband,*,Male,0,0,40,*,<=50K
889,"[0, 80[", Private,177119,Higher education,11,Spouse not present,*, Not-in-family,*,Female,2174,0,45,*,<=50K
890,"[0, 80[", ?,144397,Higher education,10,Spouse not present,*, Unmarried,*,Female,0,0,30,*,<=50K
891,"[0, 80[", Self-emp-not-inc,372525,Higher education,13,Spouse not present,*, Not-in-family,*,Male,0,0,40,*,<=50K
892,"[0, 80[", Private,164170,Higher education,11,Spouse present,*, Wife,*,Female,0,0,40,*,<=50K
893,"[0, 80[", Private,183800,Higher education,13,Spouse present,*, Husband,*,Male,7688,0,50,*,>50K
894,"[0, 80[", Self-emp-not-inc,177307,Higher education,15,Spouse present,*, Husband,*,Male,0,0,65,*,>50K
895,"[0, 80[", Private,170108,Higher education,14,Spouse present,*, Husband,*,Male,0,0,40,*,<=50K
896,"[0, 80[", Private,341995,Higher education,10,Spouse not present,*, Own-child,*,Male,0,0,55,*,<=50K
897,"[0, 80[", Private,226508,Higher education,13,Spouse not present,*, Own-child,*,Female,0,0,50,*,<=50K
898,"[0, 80[", Private,87418,Higher education,13,Spouse present,*, Husband,*,Male,0,0,45,*,>50K
899,"[0, 80[", Private,109165,Secondary education,9,Spouse present,*, Husband,*,Male,0,0,40,*,<=50K
900,"[0, 80[", Local-gov,28856,Secondary education,4,Spouse present,*, Husband,*,Male,0,0,55,*,<=50K
901,"[0, 80[", Self-emp-not-inc,175897,Secondary education,5,Spouse present,*, Husband,*,Male,0,0,20,*,<=50K
902,"[0, 80[", Private,99697,Secondary education,9,Spouse not present,*, Own-child,*,Female,0,0,40,*,<=50K
903,"[0, 80[", ?,90270,Higher education,12,Spouse present,*, Own-child,*,Male,0,0,40,*,<=50K
904,"[0, 80[", Private,152375,Secondary education,9,Spouse not present,*, Not-in-family,*,Male,0,0,45,*,<=50K
905,"[0, 80[", Private,171550,Secondary education,9,Spouse not present,*, Not-in-family,*,Female,0,0,38,*,<=50K
906,"[0, 80[", Private,211154,Higher education,10,Spouse not present,*, Not-in-family,*,Male,0,0,52,*,<=50K
907,"[0, 80[", Private,202570,Higher education,13,Spouse not present,*, Own-child,*,Male,0,0,15,*,<=50K
908,"[0, 80[", Self-emp-not-inc,168496,Secondary education,9,Spouse not present,*, Own-child,*,Male,0,0,10,*,<=50K
909,"[0, 80[", Private,68898,Higher education,10,Spouse present,*, Husband,*,Male,0,0,40,*,<=50K
910,"[0, 80[", Private,93235,Secondary education,9,Spouse not present,*, Not-in-family,*,Male,0,0,30,*,<=50K
911,"[0, 80[", Private,278924,Higher education,10,Spouse not present,*, Not-in-family,*,Male,0,0,44,*,<=50K
912,"[0, 80[", Self-emp-not-inc,311020,Secondary education,6,Spouse present,*, Husband,*,Male,0,0,60,*,<=50K
913,"[0, 80[", Private,175878,Higher education,10,Spouse not present,*, Not-in-family,*,Male,0,0,40,*,<=50K
914,"[0, 80[", Private,543028,Secondary education,9,Spouse not present,*, Own-child,*,Male,0,0,40,*,<=50K
915,"[0, 80[", Private,202027,Higher education,13,Spouse present,*, Husband,*,Male,15024,0,45,*,>50K
916,"[0, 80[", Private,158926,Higher education,14,Spouse present,*, Wife,*,Female,0,0,50,*,<=50K
917,"[0, 80[", Self-emp-inc,76860,Secondary education,9,Spouse present,*, Husband,*,Male,0,0,40,*,>50K
919,"[0, 80[", Private,186648,Higher education,10,Spouse not present,*, Own-child,*,Male,0,0,20,*,<=50K
920,"[0, 80[", Private,257509,Higher education,10,Spouse not present,*, Not-in-family,*,Male,0,0,25,*,<=50K
921,"[0, 80[", Private,98155,Higher education,10,Spouse not present,*, Unmarried,*,Male,0,0,40,*,<=50K
923,"[0, 80[", Private,97083,Higher education,10,Spouse present,*, Wife,*,Female,0,0,40,*,<=50K
924,"[0, 80[", ?,29825,Secondary education,9,Spouse present,*, Husband,*,Male,0,0,5,*,<=50K
925,"[0, 80[", Private,262153,Secondary education,9,Spouse present,*, Husband,*,Male,0,0,40,*,<=50K
926,"[0, 80[", Private,214738,Secondary education,9,Spouse present,*, Husband,*,Male,0,0,40,*,<=50K
927,"[0, 80[", Private,138022,Higher education,14,Spouse present,*, Husband,*,Male,0,0,60,*,>50K
928,"[0, 80[", Private,91842,Higher education,10,Spouse not present,*, Not-in-family,*,Female,0,0,42,*,<=50K
931,"[0, 80[", ?,52114,Higher education,10,Spouse not present,*, Own-child,*,Female,0,0,10,*,<=50K
934,"[0, 80[", Private,186934,Secondary education,7,Spouse present,*, Husband,*,Male,3103,0,44,*,>50K
935,"[0, 80[", Private,176900,Secondary education,9,Spouse present,*, Husband,*,Male,0,0,99,*,>50K
936,"[0, 80[", Private,21906,Higher education,14,Spouse not present,*, Not-in-family,*,Female,0,0,25,*,<=50K
937,"[0, 80[", Private,132222,Higher education,15,Spouse present,*, Husband,*,Male,0,2415,40,*,>50K
938,"[0, 80[", Private,143653,Secondary education,9,Spouse present,*, Husband,*,Male,0,0,30,*,<=50K
939,"[0, 80[", Private,111567,Higher education,13,Spouse not present,*, Not-in-family,*,Male,0,0,40,*,>50K
940,"[0, 80[", Private,78602,Higher education,12,Spouse not present,*, Unmarried,*,Female,0,0,40,*,<=50K
941,"[0, 80[", Private,465507,Secondary education,9,Spouse present,*, Husband,*,Male,0,0,40,*,<=50K
942,"[0, 80[", Self-emp-inc,196373,Secondary education,9,Spouse present,*, Husband,*,Male,0,0,40,*,>50K
943,"[0, 80[", Private,293227,Secondary education,9,Spouse not present,*, Not-in-family,*,Female,0,0,45,*,<=50K
944,"[0, 80[", Private,241752,Secondary education,9,Spouse present,*, Husband,*,Male,0,0,40,*,<=50K
945,"[0, 80[", Local-gov,166398,Higher education,10,Spouse not present,*, Unmarried,*,Female,0,0,35,*,<=50K
946,"[0, 80[", Private,184682,Higher education,10,Spouse not present,*, Unmarried,*,Female,0,0,40,*,<=50K
947,"[0, 80[", Self-emp-inc,108293,Higher education,13,Spouse present,*, Wife,*,Female,0,1977,45,*,>50K
948,"[0, 80[", Private,250802,Higher education,10,Spouse not present,*, Unmarried,*,Male,0,0,35,*,<=50K
949,"[0, 80[", Self-emp-not-inc,325159,Higher education,10,Spouse not present,*, Unmarried,*,Male,0,0,40,*,<=50K
951,"[0, 80[", Private,227065,Higher education,14,Spouse present,*, Husband,*,Male,0,0,43,*,>50K
952,"[0, 80[", Private,269080,Secondary education,4,Spouse not present,*, Unmarried,*,Female,0,0,40,*,<=50K
953,"[0, 80[", Private,177722,Secondary education,9,Spouse not present,*, Own-child,*,Female,0,0,20,*,<=50K
954,"[0, 80[", Private,133461,Higher education,10,Spouse present,*, Husband,*,Male,0,0,40,*,<=50K
955,"[0, 80[", Private,239683,Secondary education,6,Spouse present,*, Husband,*,Male,0,0,30,*,<=50K
956,"[0, 80[", Self-emp-inc,398473,Higher education,10,Spouse present,*, Husband,*,Male,0,0,70,*,>50K
957,"[0, 80[", Local-gov,298785,Secondary education,6,Spouse not present,*, Not-in-family,*,Male,0,0,40,*,<=50K
958,"[0, 80[", Self-emp-not-inc,123424,Higher education,13,Spouse present,*, Husband,*,Male,0,0,40,*,>50K
959,"[0, 80[", Private,176286,Higher education,12,Spouse present,*, Husband,*,Male,0,0,40,*,>50K
960,"[0, 80[", Private,150062,Higher education,10,Spouse present,*, Husband,*,Male,0,0,45,*,<=50K
961,"[0, 80[", Private,169240,Secondary education,9,Spouse not present,*, Not-in-family,*,Female,0,0,38,*,<=50K
962,"[0, 80[", Private,288273,Higher education,13,Spouse present,*, Husband,*,Male,0,0,70,*,<=50K
963,"[0, 80[", Private,526968,Secondary education,6,Spouse not present,*, Unmarried,*,Female,0,0,40,*,<=50K
964,"[0, 80[", Private,57066,Secondary education,9,Spouse present,*, Husband,*,Male,0,0,40,*,<=50K
965,"[0, 80[", Private,323573,Secondary education,9,Spouse not present,*, Own-child,*,Female,0,0,20,*,<=50K
966,"[0, 80[", Self-emp-inc,368825,Higher education,10,Spouse present,*, Husband,*,Male,0,0,60,*,>50K
967,"[0, 80[", Self-emp-not-inc,189721,Secondary education,9,Spouse present,*, Husband,*,Male,0,0,20,*,<=50K
968,"[0, 80[", Private,164966,Higher education,13,Spouse present,*, Husband,*,Male,0,0,40,*,>50K
969,"[0, 80[", ?,94954,Higher education,11,Spouse not present,*, Not-in-family,*,Female,0,0,20,*,<=50K
970,"[0, 80[", Private,202046,Secondary education,9,Spouse present,*, Husband,*,Male,0,0,35,*,>50K
971,"[0, 80[", Private,161538,Higher education,13,Spouse not present,*, Not-in-family,*,Female,0,0,35,*,<=50K
972,"[0, 80[", Private,105252,Higher education,13,Spouse not present,*, Not-in-family,*,Male,0,2392,40,*,>50K
973,"[0, 80[", Private,200153,Secondary education,9,Spouse present,*, Husband,*,Male,0,0,40,*,<=50K
974,"[0, 80[", Private,32185,Secondary education,9,Spouse not present,*, Unmarried,*,Male,0,0,70,*,<=50K
975,"[0, 80[", Private,178326,Higher education,10,Spouse not present,*, Not-in-family,*,Female,0,0,40,*,<=50K
976,"[0, 80[", Private,255957,Higher education,10,Spouse not present,*, Not-in-family,*,Female,4101,0,40,*,<=50K
977,"[0, 80[", State-gov,188693,Higher education,14,Spouse present,*, Husband,*,Male,0,0,35,*,>50K
978,"[0, 80[", Private,182977,Secondary education,9,Spouse not present,*, Not-in-family,*,Female,2964,0,40,*,<=50K
979,"[0, 80[", Private,159929,Secondary education,9,Spouse not present,*, Own-child,*,Male,0,0,40,*,<=50K
980,"[0, 80[", Private,123207,Secondary education,9,Spouse not present,*, Not-in-family,*,Female,0,0,44,*,<=50K
981,"[0, 80[", Private,284317,Higher education,12,Spouse not present,*, Not-in-family,*,Female,0,0,40,*,<=50K
982,"[0, 80[", ?,184699,Secondary education,9,Spouse not present,*, Unmarried,*,Female,0,0,40,*,<=50K
983,"[0, 80[", Self-emp-not-inc,154474,Secondary education,9,Spouse not present,*, Unmarried,*,Male,0,0,42,*,<=50K
984,"[0, 80[", Local-gov,318280,Secondary education,9,Spouse not present,*, Not-in-family,*,Male,0,0,40,*,>50K
985,"[0, 80[", Private,254907,Higher education,11,Spouse not present,*, Not-in-family,*,Female,0,0,20,*,<=50K
986,"[0, 80[", Private,349221,Secondary education,9,Spouse not present,*, Own-child,*,Female,0,0,35,*,<=50K
987,"[0, 80[", Private,335973,Secondary education,9,Spouse not present,*, Unmarried,*,Female,0,0,40,*,<=50K
989,"[0, 80[", Private,122159,Higher education,10,Spouse not present,*, Not-in-family,*,Female,3325,0,40,*,<=50K
990,"[0, 80[", Private,187370,Higher education,13,Spouse not present,*, Not-in-family,*,Male,0,1504,40,*,<=50K
991,"[0, 80[", Private,194636,Higher education,11,Spouse present,*, Husband,*,Male,0,0,40,*,<=50K
992,"[0, 80[", Self-emp-not-inc,124793,Secondary education,9,Spouse present,*, Husband,*,Male,0,0,30,*,<=50K
993,"[0, 80[", Private,192835,Secondary education,9,Spouse present,*, Husband,*,Male,0,0,50,*,>50K
994,"[0, 80[", Private,290226,Secondary education,9,Spouse not present,*, Not-in-family,*,Male,0,0,45,*,<=50K
995,"[0, 80[", Private,112840,Secondary education,9,Spouse present,*, Husband,*,Male,0,0,55,*,>50K
996,"[0, 80[", Private,89325,Higher education,14,Spouse not present,*, Not-in-family,*,Male,0,0,45,*,<=50K
997,"[0, 80[", Federal-gov,33109,Higher education,13,Spouse not present,*, Unmarried,*,Male,0,0,58,*,>50K
998,"[0, 80[", Private,82465,Higher education,10,Spouse present,*, Husband,*,Male,2580,0,40,*,<=50K
